matchID, Numero, Nome,  Posicao, Nota, Tempo, Chutes, Faltas, Ofens, Defens, yellowCards, redCards, Goals, Assis, Data
38144835, 1, "Josimar Bendler", "GK", 33, 90, 0, 0, 1, 0, 0, 0, 0, 0, "2021-07-18 21:58"	 
38144835, 2, "Giovani Barriguinha", "DEF", 19, 90, 0, 0, 6, 7, 0, 0, 0, 0, "2021-07-18 21:58"
38144835, 3, "Amado Grotto", "DEF", 19, 90, 0, 0, 7, 1, 0, 0, 0, 0, "2021-07-18 21:58"
38144835, 4, "Romildo Barbadiano", "DEF", 26, 90, 0, 0, 4, 9, 0, 0, 0, 0, "2021-07-18 21:58"
38144835, 5, "Renê Santinho", "DEF", 27, 90, 0, 0, 8, 9,  0, 0, 0, 0, "2021-07-18 21:58"
38144835, 6, "Ernane Zanella", "MID", 23, 90, 0, 0,	10,	11, 0, 0, 0, 0, "2021-07-18 21:58"
38144835, 7, "Serginho Siakam", "MID", 24, 90, 0, 0, 9, 28, 0, 0, 0, 0, "2021-07-18 21:58"
38144835, 8, "Calixto Vasallo", "MID", 23, 90, 0, 0,	19,	11, 0, 0, 0, 0, "2021-07-18 21:58"
38144835, 9, "Devanir Martini", "MID", 28, 90, 0, 0, 15,	5, 0, 0, 0, 0, "2021-07-18 21:58"
38144835, 10, "Cecilio Bazzarella", "MID", 27, 90, 1, 0, 7, 10, 0, 0, 0, 0, "2021-07-18 21:58"
38144835, 11, "Nélio Narenti", "ATT", 25, 90, 6, 0, 13, 8, 0, 0, 0, 0, "2021-07-18 21:58"

38341511, 1, "Krastan Apostolov", "GK", 53, 90, 0, 0, 11, 0, 0, 0, 0, 0, "2021-07-21 22:00"
38341511, 2, "Tazar Trbojević", "DEF", 27, 90, 0, 0,	10,	16, 0, 0, 0, 0, "2021-07-21 22:00"
38341511, 3, "Hector Honceriu", "DEF", 32, 90, 0, 0,	5,	9, 0, 0, 0, 0, "2021-07-21 22:00"
38341511, 4, "Gustav Hamp", "DEF", 31, 90, 0, 1, 3,	6, 0, 0, 0, 0, "2021-07-21 22:00"
38341511, 5, "Nélio Narenti", "DEF", 33, 90,	0, 2, 6, 14, 0, 0, 0, 0, "2021-07-21 22:00" 
38341511, 6, "Fabricio Fontanello", "MID", 29, 90, 0, 0, 1, 3, 0, 0, 0, 0, "2021-07-21 22:00"
38341511, 7, "Cecilio Bazzarella", "MID", 29, 90, 0, 0, 9, 6, 0, 0, 0, 0, "2021-07-21 22:00"
38341511, 8, "Jan Sebastian Gałęzewski", "MID", 38, 90, 0, 0, 11, 11, 0, 0, 0, 0, "2021-07-21 22:00"
38341511, 9, "Devanir Martini", "MID", 31, 90, 5, 0,	10,	3, 0, 0, 0, 0, "2021-07-21 22:00"
38341511, 10, "Ilario Bartolozzi", "MID", 50, 90, 3, 1, 17, 14, 0, 0, 0, 0, "2021-07-21 22:00"
38341511, 11, "Kristián Hakel", "ATT", 34, 90, 0, 0, 16, 18, 0, 0, 0, 0, "2021-07-21 22:00"

38144827, 1, "Krastan Apostolov", "GK", 23, 90, 0, 0, 0, 0, 0, 0, 0, 0, "2021-07-25 21:58"	 	 	 	 	 
38144827, 2, "Nélio Narenti", "DEF", 34, 90,	0, 0, 10, 13, 0, 0, 0, 0, "2021-07-25 21:58"
38144827, 3, "Hector Honceriu", "DEF", 36, 90, 0, 0, 3, 4, 0, 0, 0, 0, "2021-07-25 21:58"
38144827  4, "Gustav Hamp", "DEF", 31, 90, 0, 0, 3, 4, 0, 0, 0, 0, "2021-07-25 21:58"
38144827, 5, "Tazar Trbojević", "DEF", 30, 90, 0, 0, 6, 8, 0, 0, 0, 0, "2021-07-25 21:58"
38144827, 6, "Fabricio Fontanello", "DEF", 33, 90, 0, 0, 2, 2, 0, 0, 0, 0, "2021-07-25 21:58"
38144827, 7, "Artur Szymkiewicz", "MID", 44,	90, 5, 0, 15, 6, 0, 0, 2, 1, "2021-07-25 21:58"
38144827, 8, "Jan Sebastian Gałęzewski", "MID", 38, 90, 0, 0, 6,	8, 0, 0, 0, 0, "2021-07-25 21:58"
38144827, 9, "Sică Mergiu", "ATT", 38, 90, 10, 0, 16, 18, 0, 0, 3, 1, "2021-07-25 21:58"
38144827, 10, "Ilario Bartolozzi", "MID", 48, 90,	0, 1, 20, 12, 0, 0, 0, 1, "2021-07-25 21:58"
38144827, 11, "Kristián Hakel", "MID", 34, 89, 0, 1, 19, 24, 1, 0, 0, 0, "2021-07-25 21:58"
38144827, 11, "Amado Grotto", "MID", 27, -89, 0, 0, 0, 0,	0, 0, 0, 0, "2021-07-25 21:58"

38344841, 1, "Rody de Houston", "GK", 53, 90, 0, 0,	6, 0, 0, 0, 0, 0, "2021-07-28 22:00"
38344841, 2,	"Joel Sopó", "DEF", 32, 90,	0, 0, 8, 6, 0, 0, 0, 0, 0, "2021-07-28 22:00"
38344841, 3,	"Štefan Sauter", "DEF", 32, 90, 0, 0, 5, 9, 0, 0, 0, 0, 0, "2021-07-28 22:00"
38344841, 4,	"Mustapha Bonnet", "DEF", 15, 90, 0, 0,	7,	6, 0, 0, 0, 0, 0, "2021-07-28 22:00"
38344841, 5,	"Henrik Oros", "DEF", 33, 90, 0, 0,	8,	7, 0, 0, 0, 0, 0, "2021-07-28 22:00"
38344841, 6,	"Serginho Siakam", "MID", 22, 90, 0, 0,	9, 9, 0, 0, 0, 0, 0, "2021-07-28 22:00"
38344841, 7,	"Cecilio Bazzarella", "MID", 31, 90, 0, 0, 11,	11, 0, 0, 0, 0, 0, "2021-07-28 22:00"
38344841, 8,	"Christophe Derungs", "MID", 36, 90, 0,	1, 19, 18, 0, 0, 0, 0, 0, "2021-07-28 22:00"
38344841, 9,	"Renê Santinho", "MID", 27, 90, 0, 0, 11, 7, 0, 0, 0, 0, 0, "2021-07-28 22:00"
38344841, 10,	"Devanir Martini", "ATT", 28, 90, 2, 0, 5, 7, 0, 0, 0, 0, 0, "2021-07-28 22:00"
38344841, 11,	"Calixto Vasallo", "MID", 26, 90, 0, 0, 10, 19, 0, 0, 0, 0, 0, "2021-07-28 22:00"

38352516, 1, "Krastan Apostolov", "GK", 54,	90, 0, 0, 11, 0, 0, 0, 0, 0, "2021-07-31 15:31"
38352516, 2, "Nélio Narenti", "DEF", 34, 90, 0, 0, 3, 10, 0, 0, 0, 0, "2021-07-31 15:31"
38352516, 3, "Hector Honceriu", "DEF", 40, 90, 0, 0, 1,	6, 0, 0, 0, 0, "2021-07-31 15:31"
38352516, 4, "Gustav Hamp", "DEF", 26, 90, 0, 0, 3,	4, 0, 0, 0, 0, "2021-07-31 15:31"
38352516, 5, "Tazar Trbojević", "DEF", 27, 90, 0, 0, 13, 13, 0, 0, 0, 0, "2021-07-31 15:31"
38352516, 6, "Fabricio Fontanello", "DEF", 36, 90, 0, 0, 9,	12, 0, 0, 0, 0, "2021-07-31 15:31"
38352516, 7, "Ilario Bartolozzi", "MID", 51, 90, 0, 0, 12,	9, 0, 0, 0, 0, "2021-07-31 15:31"
38352516, 8, "Günther Ketels", "MID", 46, 90, 0, 0,	19,	21, 0, 0, 0, 0, "2021-07-31 15:31"
38352516, 9, "Artur Szymkiewicz", "MID", 46, 90, 0, 0, 13, 6, 0, 0, 0, 0, "2021-07-31 15:31"
38352516, 10, "Sică Mergiu", "ATT", 41, 90,	2, 0, 6, 7, 0, 0, 1, 0, "2021-07-31 15:31"
38352516, 11, "Jan Sebastian Gałęzewski", 90, "MID", 36, 0, 0, 9, 10, 0, 0, 0, 1, "2021-07-31 15:31"

38349892, 1,	"Krastan Apostolov", "GK", 56, 90, 0, 0, 3, 0, 0, 0, 0, 0, "2021-08-01 22:00" 
38349892, 2,	"Nélio Narenti", "DEF", 33, 90,	0, 1, 5, 6, 0, 0, 0, 0, "2021-08-01 22:00"
38349892, 3,	"Henrik Oros" "DEF", 36, 90, 0, 0, 3, 9, 0, 0, 0, 0, "2021-08-01 22:00"
38349892, 4,	"Fabricio Fontanello", "DEF", 37, 90, 0, 0,	5, 13, 0, 0, 0, 0, "2021-08-01 22:00"
38349892, 5,	"Joel Sopó", "DEF", 32, 90,	0, 0, 13, 11, 0, 0, 0, 0, "2021-08-01 22:00"
38349892, 6,	"Christophe Derungs", "DEF", 30, 90, 0, 0, 4, 6, 0, 0, 0, 0, "2021-08-01 22:00"
38349892, 7,	"Artur Szymkiewicz", "MID", 43,	80,	2,	2, 9, 4, 1, 1, 1, 1, "2021-08-01 22:00"
38349892, 8,	"Ilario Bartolozzi", "MID", 48, 90,	5, 0, 15, 12, 0, 0, 2, 0, "2021-08-01 22:00" 
38349892, 9,	"Sică Mergiu", "ATT", 41, 90, 12, 0, 17, 8, 0, 0, 3, 1, "2021-08-01 22:00"
38349892, 10,	"Günther Ketels", "MID", 49, 60, 0, 1, 12, 13, 0, 1, 0, 0, "2021-08-01 22:00"
38349892, 11, "Jan Sebastian Gałęzewski", "MID", 38, 90, 0, 0, 14, 17, 0, 0, 0, 0, "2021-08-01 22:00"

38352559, 1,	"Krastan Apostolov", "GK", 54, 90, 0, 0, 12, 0, 0, 0, 0, 0,	"2021-08-02 22:00" 
38352559, 2,	"Henrik Oros", "DEF", 34, 85, 0, 1,	10, 14, 0, 1, 0, 0, "2021-08-02 22:00"
38352559, 3,	"Hector Honceriu", "DEF", 36, 90, 0, 0, 4, 10, 0, 0, 0, 0, "2021-08-02 22:00"
38352559, 4,	"Gustav Hamp", "DEF", 33, 85, 0, 0, 6, 18, 0, 0, 0, 0, "2021-08-02 22:00"
38352559, 4,	"Fabricio Fontanello", "DEF", 26, -85, 0, 0, 0, 0, 0, 0, 0, 0, "2021-08-02 22:00"	 	 	 	 
38352559, 5,	"Joel Sopó", "DEF", 35, 90, 0, 1, 10, 10, 0, 0, 0, 0, "2021-08-02 22:00"
38352559, 6,	"Christophe Derungs", "DEF", 33, 90, 0,	1, 5, 8, 0, 0, 0, 0, "2021-08-02 22:00"
38352559, 7,	"Artur Szymkiewicz", "MID", 46,	83, 0, 0, 13, 3, 0, 0, 0, 0, "2021-08-02 22:00"
38352559, 7,	"Cecilio Bazzarella", "MID", 40, -83, 0, 0, 0, 0, 0, 0, "2021-08-02 22:00"	 
38352559, 8,	"Ilario Bartolozzi", "MID", 50, 90,	0, 1, 8, 4, 0, 0, 0, 1, "2021-08-02 22:00"
38352559, 9,	"Sică Mergiu", "ATT", 41, 72, 1, 0, 6, 5, 0, 0, 1, 0, "2021-08-02 22:00"
38352559, 9,	"Ferdinando Ionata", "ATT", 49,	-72, 0, 0, 1, 1, 0, 0, 0, 0, "2021-08-02 22:00"
38352559, 10,	"Günther Ketels", "MID", 46, 90, 0, 0, 13, 13, 0, 0, 0, 0, "2021-08-02 22:00"
38352559, 11,	"Jan Sebastian Gałęzewski", "MID", 36, 90, 0, 1, 11, 13, 0, 0, 0, 0, "2021-08-02 22:00"

38353921, 1, "Krastan Apostolov", "GK", 54, 90, 0, 0, 13, 0, 0, 0, 0, 0, "2021-08-03 22:01"
38353921, 2, "Henrik Oros", "DEF", 33,	76, 0, 0, 7, 5, 0, 0, 0, 0, "2021-08-03 22:01"
38353921, 2, "Nélio Narenti", "DEF", 34, -76, 0, 0,	2, 2, 0, 0, 0, 0, "2021-08-03 22:01"
38353921, 3, "Hector Honceriu", "DEF", 31, 90, 0, 0, 5,	4, 0, 0, 0, 0, "2021-08-03 22:01"
38353921, 4, "Gustav Hamp", "DEF", 32, 90, 0, 0, 6,	16, 0, 0, 0, 0, "2021-08-03 22:01"
38353921, 5, "Joel Sopó", "DEF", 31, 90, 0, 1,	9, 16, 0, 0, 0, 0, "2021-08-03 22:01"
38353921, 6, "Christophe Derungs", "DEF", 33, 90, 0, 0, 4, 12, 0, 0, 0, 0, "2021-08-03 22:01"
38353921, 7, "Artur Szymkiewicz", "MID", 45, 90, 0, 0, 10, 4, 0, 0, 0, 0, "2021-08-03 22:01"
38353921, 8, "Ilario Bartolozzi", "MID", 49, 90, 0, 0, 11, 5, 0, 0, 0, 0, "2021-08-03 22:01"
38353921, 9, "Sică Mergiu", "ATT", 45,	76,	2, 0, 7, 2, 0, 0, 0, 0, "2021-08-03 22:01"
38353921, 9, "Ferdinando Ionata", "ATT", 48, -76, 0, 0, 1, 1, 0, 0, 0, 0, "2021-08-03 22:01"
38353921, 10, "Günther Ketels", "MID", 46, 90, 0, 1, 15, 18, 0, 0, 0, 0, "2021-08-03 22:01"
38353921, 11, "Jan Sebastian Gałęzewski", "MID", 36, 90, 0, 0, 8, 13, 0, 0, 0, 0, "2021-08-03 22:01"

38351380, 1,	"Rody de Houston", "GK", 52, 90, 0, 0, 8, 0, 0, 0, 0, 0, "2021-08-04 22:00"
38351380, 2,	"Štefan Sauter", "DEF", 35, 90,	0, 0, 8, 14, 0, 0, 0, 0, "2021-08-04 22:00"
38351380, 3,	"Hector Honceriu", "DEF", 36, 90, 0, 0, 7, 8, 0, 0, 0, 0, "2021-08-04 22:00"
38351380, 4,	"Gustav Hamp", "DEF", 28, 90, 0, 0, 3, 5, 0, 0, 0, 0, "2021-08-04 22:00"
38351380, 5,	"Mustapha Bonnet", "DEF", 17, 90, 0, 0, 14, 12, 0, 0, 0, 0, "2021-08-04 22:00"
38351380, 6,	"Tazar Trbojević", "DEF", 31, 90, 0, 0, 5, 10, 0, 0, 0, 0, "2021-08-04 22:00"
38351380, 7,	"Cecilio Bazzarella", "MID", 28, 90, 0, 0, 10, 7, 0, 0, 0, 0, "2021-08-04 22:00"
38351380, 8,	"Renê Santinho", "MID", 28, 90, 0, 0, 8, 5, 0, 0, 0, 0, "2021-08-04 22:00"
38351380, 9,	"Ferdinando Ionata", "ATT", 38, 90, 1, 0, 5, 3, 0, 0, 0, 0, "2021-08-04 22:00"
38351380, 10,	"Günther Ketels", "MID", 44, 90, 0, 0, 18, 20, 0, 0, 0, 0, "2021-08-04 22:00"
38351380, 11,	"Jan Sebastian Gałęzewski", "MID", 36, 90, 0, 0, 11, 16, 0, 0, 0, 0, "2021-08-04 22:00" 

38354731, 1, "Krastan Apostolov", "GK", 55, 90, 0, 0, 9, 0, 0, 0, 0, 0, "2021-08-05 18:00" 
38354731, 2, "Štefan Sauter", "DEF", 37, 90, 0, 1, 6, 19, 0, 0, 0, 0, "2021-08-05 18:00"
38354731, 3, "Hector Honceriu", "DEF", 35, 90, 0, 0, 5, 8, 0, 0, 0, 0, "2021-08-05 18:00"
38354731, 4, "Fabricio Fontanello", "DEF", 36, 90, 0, 0, 7,	8, 0, 0, 0, 0, "2021-08-05 18:00"
38354731, 5, "Henrik Oros", "DEF", 34, 90, 0, 0, 8,	8, 0, 0, 0, 0, "2021-08-05 18:00"
38354731, 6, "Christophe Derungs", "DEF", 33, 90, 0, 0, 6, 9, 0, 0, 0, 0, "2021-08-05 18:00"
38354731, 7, "Artur Szymkiewicz", "ATT", 44, 90, 0, 0, 12, 6, 0, 0, 0, 0, "2021-08-05 18:00"
38354731, 8, "Ilario Bartolozzi", "MID", 50, 90, 0, 0, 8, 4, 0, 0, 0, 0, "2021-08-05 18:00"
38354731, 9, "Sică Mergiu", "ATT", 39, 90, 1, 0, 4, 7, 0, 0, 1, 0, "2021-08-05 18:00"
38354731, 10, "Jan Sebastian Gałęzewski", "MID", 37, 90, 0, 1, 16, 17, 1, 0,  0, 0, "2021-08-05 18:00"
38354731, 11, "Günther Ketels", "MID", 49, 90, 0, 1, 17, 14, 0, 0, 0, 0, "2021-08-05 18:00"

38354733, 1, "Krastan Apostolov", "GK", 55, 90, 0, 0, 9, 0, 0, 0, 0, 0, "2021-08-06 18:00"
38354733, 2, "Henrik Oros", "DEF", 38, 90, 0, 0, 13, 9, 0, 0, 0, 0, "2021-08-06 18:00"
38354733, 3, "Hector Honceriu", "DEF", 31, 90, 0, 0, 7,	5, 0, 0, 0, 0, "2021-08-06 18:00"
38354733, 4, "Gustav Hamp", "DEF", 32, 90, 0, 0, 8, 17, 0, 0, 0, 0, "2021-08-06 18:00"
38354733, 5, "Joel Sopó", "DEF", 33, 90, 0, 0, 9, 11, 0, 0, 0, 0, "2021-08-06 18:00"
38354733, 6, "Christophe Derungs", "DEF", 32, 90, 0, 0, 5, 9, 0, 0, 0, 0, "2021-08-06 18:00"
38354733, 7, "Gligor-Bogdan Vînătoru", "MID", 38, 90, 0, 0, 7, 6, 0, 0, 0, 0, "2021-08-06 18:00"
38354733, 8, "Ksawery Maszudziński", "MID", 40,	90, 0, 0, 8, 7, 0, 0, 0, 0, "2021-08-06 18:00"
38354733, 9, "Sică Mergiu", "ATT", 40, 90, 1, 0, 7, 4, 0, 0, 1, 0, "2021-08-06 18:00"
38354733, 10, "Fabricio Fontanello", "MID", 36,	66, 0, 0, 12, 15, 0, 0, 0, 0, "2021-08-06 18:00"
38354733, 10, "Jan Sebastian Gałęzewski", "MID", 28, -66, 0, 0, 2, 2, 0, 0, 0, 0, "2021-08-06 18:00"
38354733, 11, "Günther Ketels", "MID", 48, 90, 0, 1, 12, 13, 0, 0, 0, 1, "2021-08-06 18:00"

38354732, 1, "Krastan Apostolov", "GK", 56,	90, 0, 0, 11, 0, 0, 0, 0, 0, "2021-08-07 18:00"
38354732, 2, "Joel Sopó", "DEF", 35, 90, 0, 0, 9, 7, 0, 0, 0, 0, "2021-08-07 18:00"
38354732, 3, "Hector Honceriu", "DEF", 33, 90, 0, 0, 6,	6, 0, 0, 0, 0, "2021-08-07 18:00"
38354732, 4, "Gustav Hamp", "DEF", 33, 90, 0, 1, 7,	9, 0, 0, 0, 0, "2021-08-07 18:00"
38354732, 5, "Henrik Oros", "DEF", 36, 90, 0, 0, 6,	18, 0, 0, 0, 0, "2021-08-07 18:00"
38354732, 6, "Christophe Derungs", "DEF", 32, 90, 0, 0, 6, 11, 0, 0, 0, 0, "2021-08-07 18:00"
38354732, 7, "Artur Szymkiewicz", "MID", 45, 90, 0, 0, 13, 5, 0, 0, 0, 0, "2021-08-07 18:00"
38354732, 8, "Ilario Bartolozzi", "MID", 48, 90, 2, 0, 8, 3, 0, 0, 0, 0, "2021-08-07 18:00"
38354732, 9, "Sică Mergiu", "ATT", 41,	90, 3, 0, 7, 8, 0, 0, 0, 0, "2021-08-07 18:00"
38354732, 10, "Jan Sebastian Gałęzewski", "MID", 38, 90, 0, 0, 12, 14, 0, 0, 0, 0, "2021-08-07 18:00"
38354732, 11, "Günther Ketels", "MID", 46,	90, 0, 0, 14, 19, 0, 0, 0, 0, "2021-08-07 18:00"

38354350, 1, "Rody de Houston", "GK", 53, 90, 0, 0,	4, 0, 0, 0, 0, 0, "2021-08-08 21:59"
38354350, 2, "Nélio Narenti", "DEF", 33, 90, 0, 0, 3, 3, 0, 0, 0, 0, "2021-08-08 21:59"
38354350, 3, "Mustapha Bonnet", "DEF", 21, 90, 0, 0, 5,	9, 0, 0, 0, 0, "2021-08-08 21:59"
38354350, 4, "Fabricio Fontanello", "DEF", 34, 90, 0, 0, 2, 6,  0, 0, 0, 0, "2021-08-08 21:59"
38354350, 5, "Amado Grotto", "DEF", 24, 90, 0, 0, 10, 12, 0, 0, 0, 0, "2021-08-08 21:59"
38354350, 6, "Tazar Trbojević", "DEF", 29, 90, 0, 0, 3, 4, 0, 0, 0, 0, "2021-08-08 21:59"
38354350, 7, "Gligor-Bogdan Vînătoru", "MID", 37, 90, 2, 1,	18, 5, 0, 0, 0, 0, "2021-08-08 21:59"
38354350, 8, "Ksawery Maszudziński", "MID", 40, 90, 3, 1, 15, 13, 1, 0, 2, 1, "2021-08-08 21:59"
38354350, 9, "Ferdinando Ionata", "ATT", 41, 90, 7, 0, 8, 9, 0, 0, 1, 0, "2021-08-08 21:59"
38354350, 10, "Jan Sebastian Gałęzewski", "MID", 38, 90, 0, 0, 19, 21, 0, 0, 0, 0, "2021-08-08 21:59"
38354350, 11, "Günther Ketels", "MID", 47, 90, 0, 0, 13, 17, 0, 0, 0, 0, "2021-08-08 21:59"

38366220, 1,	"Krastan Apostolov", "GK", 56, 90, 0, 0, 5, 0, 0, 0, 0, 0, "2021-08-09 22:00"
38366220, 2,	"Štefan Sauter", "DEF", 35, 90,	0, 0, 10, 9, 0, 0, 0, 0, "2021-08-09 22:00"
38366220, 3,	"Gustav Hamp", "DEF", 34, 90, 0, 0, 6, 6, 0, 0, 0, 0, "2021-08-09 22:00"
38366220, 4,	"Hector Honceriu", "DEF", 32, 90, 0, 0, 8, 8, 0, 0, 0, 0, "2021-08-09 22:00"
38366220, 5,	"Henrik Oros", "DEF", 37, 90, 0, 1, 14,	11, 0, 0, 0, 0, "2021-08-09 22:00"
38366220, 6,	"Christophe Derungs", "DEF", 32, 90, 0, 0, 4, 8, 0, 0, 0, 0, "2021-08-09 22:00"
38366220, 7,	"Gligor-Bogdan Vînătoru", "MID", 35, 90, 0, 1, 8, 10, 0, 0, 0, 0, "2021-08-09 22:00"
38366220, 8,	"Ilario Bartolozzi", "MID", 50, 90, 0, 0, 12, 4, 0, 0, 0, 0, "2021-08-09 22:00"
38366220, 9,	"Sică Mergiu", "ATT", 42, 90, 1, 0, 4, 5, 0, 0, 0, 0, "2021-08-09 22:00"
38366220, 10,	"Ksawery Maszudziński", "MID", 36, 90, 1, 0, 14, 24, 0, 0, 0, 0, "2021-08-09 22:00"
38366220, 11,	"Günther Ketels", "MID", 46, 90, 0, 0, 13, 13, 0, 0, 0, 0, "2021-08-09 22:00"

38553221, 1, "Krastan Apostolov", "GK", 57, 90, 0, 0, 4, 0,	0, 0, 0, 0, "2021-08-10 22:00"
38553221, 2, "Henrik Oros", "DEF", 38, 90, 0, 0, 6,	12, 0, 0, 0, 0, "2021-08-10 22:00"
38553221, 3, "Gustav Hamp", "DEF", 32, 90, 0, 0, 5, 5, 0, 0, 0, 0, "2021-08-10 22:00"
38553221, 4, "Hector Honceriu", "DEF", 33, 90, 0, 0, 5, 12, 0, 0, 0, 0, "2021-08-10 22:00"
38553221, 5, "Štefan Sauter", "DEF", 34, 90, 0, 0, 10, 11, 0, 0, 0, 0, "2021-08-10 22:00"
38553221, 6, "Christophe Derungs", "DEF", 32, 90, 0, 0, 3, 2, 0, 0, 0, 0, "2021-08-10 22:00"
38553221, 7, "Artur Szymkiewicz", "MID", 41, 90, 5, 0, 17, 8, 0, 0, 1, 1, "2021-08-10 22:00"
38553221, 8, "Ilario Bartolozzi", "MID", 49, 90, 2, 0, 10, 12, 0, 0, 0, 1, "2021-08-10 22:00"
38553221, 9, "Sică Mergiu", "ATT", 46, 90, 11, 0, 9, 4, 0, 0, 3, 0, "2021-08-10 22:00"
38553221, 10, "Jan Sebastian Gałęzewski", "MID", 38, 90, 0, 0, 15, 15, 0, 0, 0, 0, "2021-08-10 22:00"
38553221, 11, "Günther Ketels", "MID", 47, 90, 0, 0, 17, 17, 0, 0, 0, 0, "2021-08-10 22:00"

38560308, 1, "Krastan Apostolov", "GK", 55, 90, 0, 0, 6, 0, 0, 0, 0, 0, "2021-08-12 20:30"
38560308, 2, "Henrik Oros", "DEF", 37, 90, 0, 0, 11, 14, 0, 0, 0, 0, "2021-08-12 20:30"
38560308, 3, "Fabricio Fontanello", "DEF", 36, 90, 0, 0, 3, 4, 0, 0, 0, 0, "2021-08-12 20:30"
38560308, 4, "Christophe Derungs", "DEF", 36, 90, 0, 0, 7, 10, 0, 0, 0, 0, "2021-08-12 20:30"
38560308, 5, "Nélio Narenti", "DEF", 33, 90, 0, 0, 12, 19, 0, 0, 0, 0, "2021-08-12 20:30"
38560308, 6, "Gustav Hamp", "DEF", 31, 90, 0, 0, 4, 6, 0, 0, 0, 0, "2021-08-12 20:30"
38560308, 7, "Cezar Adrian Bujor", "MID", 44, 90, 0, 0, 8, 5, 0, 0, 0, 0, "2021-08-12 20:30"
38560308, 8, "Gligor-Bogdan Vînătoru", "MID", 39, 45, 0, 0, 6, 4, 0, 0, 0, 0, "2021-08-12 20:30"
38560308, 8, "Ksawery Maszudziński", "MID", 45, -45, 0, 1, 9, 5, 0, 0, 0, 0, "2021-08-12 20:30"
38560308, 9, "Sică Mergiu", "ATT", 46, 90, 2, 0, 3, 5, 0, 0, 0, 0, "2021-08-12 20:30"
38560308, 10, "Jan Sebastian Gałęzewski", "MID", 36, 90, 0, 0, 14, 15, 0, 0, 0, 0, "2021-08-12 20:30"
38560308, 11, "Günther Ketels", "MID", 47, 90, 1, 2, 15, 13, 1, 0, 0, 0, "2021-08-12 20:30"

38560299, 1, "Krastan Apostolov", "GK", 56, 90,	0, 0, 10, 0, 0, 0, 0, 0, "2021-08-13 22:00"
38560299, 2, "Henrik Oros", "DEF", 38, 90, 0, 0, 7,	14, 0, 0, 0, 0, "2021-08-13 22:00"
38560299, 3, "Gustav Hamp", "DEF", 31, 90, 0, 0, 4,	8, 0, 0, 0, 0, "2021-08-13 22:00"
38560299, 4, "Hector Honceriu", "DEF", 36, 90, 0, 0, 4,	5, 0, 0, 0, 0, "2021-08-13 22:00"
38560299, 5, "Štefan Sauter", "DEF", 34, 90, 0, 1, 11,	11, 0, 0, 0, 0, "2021-08-13 22:00"
38560299, 6, "Dan Thystrup", "DEF", 39, 90, 0, 1, 5, 8, 0, 0, 0, 0, "2021-08-13 22:00"
38560299, 7, "Artur Szymkiewicz", "MID", 43, 90, 0, 0, 13, 5, 0, 0, 0, 0, "2021-08-13 22:00"
38560299, 8, "Gligor-Bogdan Vînătoru", "MID", 38, 90, 2, 0, 11,	10, 0, 0, 1, 0, "2021-08-13 22:00"
38560299, 9, "Ferdinando Ionata", "ATT", 47, 42, 2, 0, 5, 2, 0, 0, 0, 1, "2021-08-13 22:00"
38560299, 9, "Sică Mergiu", "ATT", 45, -42,	1, 0, 3, 3, 0, 0, 0, 0, "2021-08-13 22:00"
38560299, 10, "Günther Ketels", "MID", 46, 90, 0, 1, 14, 20, 0, 0, 0, 0, "2021-08-13 22:00"
38560299, 11, "Ilario Bartolozzi", "MID", 48, 76, 0, 0, 10,	11, 0, 0, 0, 0, "2021-08-13 22:00"
38560299, 11, "Cezar Adrian Bujor", "MID", 38, -76, 0, 0, 2, 2, 0, 0, 0, 0, "2021-08-13 22:00"

38560300, 1, "Krastan Apostolov", "GK", 55, 90, 0, 0, 3, 0, 0, 0, 0, 0, "2021-08-14 22:00"
38560300, 2, "Henrik Oros", "DEF", 37, 90, 0, 0, 14, 12, 0, 0, 0, 0, "2021-08-14 22:00"
38560300, 3, "Gustav Hamp", "DEF", 31, 90, 0, 0, 6,	8, 0, 0, 0, 0, "2021-08-14 22:00"
38560300, 4, "Hector Honceriu", "DEF", 33, 90, 0, 0, 5,	7, 0, 0, 0, 0, "2021-08-14 22:00"
38560300, 5, "Štefan Sauter", "DEF", 35, 90, 0, 1, 6, 16, 1, 0, 0, 0, "2021-08-14 22:00"
38560300, 6, "Dan Thystrup", "DEF", 39, 90, 0, 0, 4, 5, 0, 0, 0, 0, "2021-08-14 22:00"
38560300, 7, "Artur Szymkiewicz", "MID", 44, 90, 0, 0, 12, 4, 0, 0, 0, 0, "2021-08-14 22:00"
38560300, 8, "Gligor-Bogdan Vînătoru", "MID", 38, 71, 0, 1,	9, 6, 0, 0, 0, 0, "2021-08-14 22:00"
38560300, 8, "Cezar Adrian Bujor", "MID", 36, -71, 0, 0, 3,	2, 0, 0, 0, 0, "2021-08-14 22:00"
38560300, 9, "Ferdinando Ionata", "ATT", 42, 40, 0, 0, 1, 3, 0, 0, 0, 0, "2021-08-14 22:00"
38560300, 9, "Sică Mergiu", "ATT", 45, -40,	1, 0, 5, 2, 0, 0, 0, 0, "2021-08-14 22:00"
38560300, 10, "Ilario Bartolozzi", "MID", 48, 90, 0, 0, 15, 18, 0, 0, 0, 0, "2021-08-14 22:00"
38560300, 11, "Günther Ketels", "MID", 48, 90, 0, 0, 17, 16, 0, 0, 0, 0, "2021-08-14 22:00"

38426326, 1, "Krastan Apostolov", "GK", 57, 90, 0, 0, 3, 0, 0, 0, 0, 0, "2021-08-15 21:59"
38426326, 2, "Henrik Oros", "DEF", 36, 90, 0, 0, 7,	6, 0, 0, 0, 0, "2021-08-15 21:59"
38426326, 3, "Gustav Hamp", "DEF", 29, 90, 0, 0, 2,	3, 0, 0, 0, 0, "2021-08-15 21:59"
38426326, 4, "Hector Honceriu", "DEF", 36, 90, 0, 0, 8, 11, 0, 0, 0, 0, "2021-08-15 21:59"
38426326, 5, "Štefan Sauter", "DEF", 37, 90, 0, 1, 8, 10, 0, 0, 0, 0, "2021-08-15 21:59"
38426326, 6, "Dan Thystrup", "DEF", 40, 90, 0, 0, 4, 10, 0, 0, 0, 0, "2021-08-15 21:59"
38426326, 7, "Artur Szymkiewicz", "MID", 39, 90, 4, 0, 15, 13, 0, 0, 1, 0, "2021-08-15 21:59"
38426326, 8, "Ksawery Maszudziński", "MID", 43, 90, 2,	1, 15, 9, 1, 0, 0, 0, "2021-08-15 21:59"
38426326, 9, "Sică Mergiu", "ATT", 39, 90, 7, 2, 8, 12, 0, 0, 2, 0, "2021-08-15 21:59"
38426326, 10, "Ilario Bartolozzi", "MID", 48, 90, 0, 1, 12, 13, 0, 0, 0, 0, "2021-08-15 21:59"
38426326, 11, "Günther Ketels", "MID", 49, 90, 1, 0, 16, 12, 0, 0, 0, 0, "2021-08-15 21:59"


38561094, 1, "Krastan Apostolov", "GK", 57,	90,	0, 0, 3, 0, 0, 0, 0, 0, "2021-08-16 22:00"
38561094, 2, "Henrik Oros", "DEF", 39, 90, 0, 0, 10, 16, 0, 0, 0, 0, "2021-08-16 22:00"
38561094, 3, "Hector Honceriu", "DEF", 39, 90, 0, 0, 2,	5, 0, 0, 0, 0, "2021-08-16 22:00"
38561094, 4, "Gustav Hamp", "DEF", 29, 90, 0, 0, 3,	4, 0, 0, 0, 0, "2021-08-16 22:00"
38561094, 5, "Nélio Narenti", "DEF", 34, 90, 0, 0, 6, 9, 0, 0, 0, 0, "2021-08-16 22:00"
38561094, 6, "Dan Thystrup", "DEF", 41,	70, 0, 0, 3, 5, 0, 0, 0, 0, "2021-08-16 22:00"
38561094, 6, "Christophe Derungs", "DEF", 27, -70, 0, 0, 1, 0, 0, 0, 0, 0, "2021-08-16 22:00"
38561094, 7, "Cezar Adrian Bujor", "MID", 39, 90, 3, 1, 10,	15, 0, 0, 0, 0, "2021-08-16 22:00"
38561094, 8, "Artur Szymkiewicz", "MID", 42, 90, 0, 0, 15, 7, 0, 0, 0, 0, "2021-08-16 22:00"
38561094, 9, "Ferdinando Ionata", "ATT", 46, 46, 3, 0, 6, 3, 0, 0, 1, 0, "2021-08-16 22:00"
38561094, 9, "Sică Mergiu", "ATT", 45, -46,	2, 0, 6, 4, 0, 0, 1, 0, "2021-08-16 22:00"
38561094, 10, "Ilario Bartolozzi", "MID", 48, 68, 0, 0, 12,	11, 0, 0, 0, 1, "2021-08-16 22:00"
38561094, 10, "Jan Sebastian Gałęzewski", "MID", 34, -68, 0, 0, 2, 2, 0, 0, 0, 0, "2021-08-16 22:00"
38561094, 11, "Günther Ketels", "MID", 48, 90, 0, 0, 18, 19, 0, 0, 0, 0, "2021-08-16 22:00"

38557553, 1, "Rody de Houston", "GK", 53, 90, 0, 0, 19, 0, 0, 0, 0, 0, "2021-08-18 22:01"
38557553, 2, "Joel Sopó", "DEF", 33, 45, 0, 1, 3, 7, 0, 0, 0, 0, "2021-08-18 22:01"
38557553, 2, "Tazar Trbojević", "DEF", 31, -45, 0, 1, 5, 4, 0, 0, 0, 0, "2021-08-18 22:01"
38557553, 3, "Fabricio Fontanello", "DEF", 37, 90, 0, 2, 7,	16, 0, 0, 0, 0, "2021-08-18 22:01"
38557553, 4, "Mustapha Bonnet", "DEF", 22, 90, 0, 0, 7,	18, 0, 0, 0, 0, "2021-08-18 22:01"
38557553, 5, "Nélio Narenti", "DEF", 33, 90, 0, 0, 8, 11, 0, 0, 0, 0, "2021-08-18 22:01"
38557553, 6, "Christophe Derungs", "DEF", 34, 90, 0, 2,	9, 9, 0, 0, 0, 0, "2021-08-18 22:01"
38557553, 7, "Gligor-Bogdan Vînătoru", "MID", 41, 90, 0, 0, 9, 2, 0, 0, 0, 0, "2021-08-18 22:01"
38557553, 8, "Ksawery Maszudziński", "MID", 48, 90, 0, 0, 7, 1, 0, 0, 0, 0, "2021-08-18 22:01"
38557553, 9, "Ferdinando Ionata", "ATT", 44, 90, 0, 0, 10, 4, 0, 0, 0, 0, "2021-08-18 22:01"
38557553, 10, "Cezar Adrian Bujor", "MID", 41, 90, 0, 1, 8, 17, 0, 0, 0, 0, "2021-08-18 22:01"
38557553, 11, "Jan Sebastian Gałęzewski", "MID", 35, 90, 0, 0, 7, 9, 0, 0, 0, 0, "2021-08-18 22:01"

38561084, 1, "Krastan Apostolov", "GK", 55, 90, 0, 0, 6, 0, 0, 0, 0, 0, "2021-08-19 18:00"
38561084, 2, "Henrik Oros", "DEF", 37, 90, 0, 1, 8,	19, 0, 0, 0, 0, "2021-08-19 18:00"
38561084, 3, "Gustav Hamp", "DEF", 32, 90, 0, 1, 5, 7, 1, 0, 0, 0, "2021-08-19 18:00"
38561084, 4, "Hector Honceriu", "DEF", 34, 90, 0, 0, 5, 7, 0, 0, 0, 0, "2021-08-19 18:00"
38561084, 5, "Štefan Sauter", "DEF", 37, 70, 0, 0, 8, 8, 0, 0, 0, 0, "2021-08-19 18:00"
38561084, S, "Nélio Narenti", "DEF", 37, -70, 0, 0,	0, 6, 0, 0, 0, 0, "2021-08-19 18:00"
38561084, 6, "Dan Thystrup", "DEF", 37, 90,	0, 0, 5, 3, 0, 0, 0, 0, "2021-08-19 18:00"
38561084, 7, "Artur Szymkiewicz", "MID", 47, 90, 0, 0, 12, 5, 0, 0, 0, 0, "2021-08-19 18:00"
38561084, 8, "Ksawery Maszudziński", "MID", 43, 90, 1, 0, 13, 7, 0, 0, 0, 0, "2021-08-19 18:00"
38561084, 9, "Ferdinando Ionata", "ATT", 45, 90, 2, 0, 5, 5, 0, 0, 0, 0, "2021-08-19 18:00"
38561084, 10, "Ilario Bartolozzi", "MID", 49, 90, 0, 1, 19, 14, 0, 0, 0, 0, "2021-08-19 18:00"
38561084, 11, "Günther Ketels", "MID", 47, 90, 0, 0, 14, 19, 0, 0, 0, 0, "2021-08-19 18:00"

38561082, 1, "Krastan Apostolov", "GK", 55, 90,	0, 0, 7, 0, 0, 0, 0, 0,	"2021-08-20 18:00" 
38561082, 2, "Henrik Oros", "DEF", 35, 90, 0, 0, 9,	6, 0, 0, 0, 0, "2021-08-20 18:00"
38561082, 3, "Gustav Hamp", "DEF", 31,	70, 0, 0, 4, 6, 0, 0, 0, 0, "2021-08-20 18:00"
38561082, 3, "Christophe Derungs", "DEF", 32, -70, 0, 0, 4, 0, 0, 0, 0, 0, "2021-08-20 18:00"
38561082, 4, "Hector Honceriu", "DEF", 31, 90, 0, 0, 8, 8, 0, 0, 0, 0, "2021-08-20 18:00"
38561082, 5, "Štefan Sauter", "DEF", 35, 90, 0, 0, 9, 13, 0, 0, 0, 0, "2021-08-20 18:00"
38561082, 6, "Dan Thystrup", "DEF", 38, 90, 0, 0, 4, 16, 0, 0, 0, 0, "2021-08-20 18:00"
38561082, 7, "Artur Szymkiewicz", "MID", 44, 90, 1, 0, 11, 9, 0, 0, 0, 0, "2021-08-20 18:00"
38561082, 8, "Gligor-Bogdan Vînătoru", "MID", 41, 90, 0, 1,	9, 4, 1, 0, 0, 0, "2021-08-20 18:00"
38561082, 9, "Sică Mergiu", "ATT", 39, 90, 1, 0, 6,	7, 0, 0, 0, 0, "2021-08-20 18:00"
38561082, 10, "Ilario Bartolozzi", "MID", 49, 90, 0, 0,	16,	20, 0, 0, 0, 0, "2021-08-20 18:00"
38561082, 11, "Günther Ketels", "MID", 50, 90, 0, 0, 12, 10, 0, 0, 0, 0, "2021-08-20 18:00"

38561083, 1, "Krastan Apostolov", "GK", 50, 90, 0, 0, 11, 0, 0, 0, 0, 0, "2021-08-21 18:00" 
38561083, 2, "Henrik Oros", "DEF", 37, 90, 0, 1, 10, 11, 0, 1, 0, 0, "2021-08-21 18:00"
38561083, 3, "Gustav Hamp", "DEF", 32, 90, 0, 0, 4,	12, 0, 0, 0, 0, "2021-08-21 18:00"
38561083, 4, "Hector Honceriu", "DEF", 36, 90, 0, 0, 8,	9, 0, 0, 0, 0, "2021-08-21 18:00"
38561083, 5, "Štefan Sauter", "DEF", 36, 90, 0, 0, 8, 4, 0, 0, 0, 0, "2021-08-21 18:00"
38561083, 6, "Dan Thystrup", "DEF", 38, 90,	0, 1, 8, 10, 0, 0, 0, 0, "2021-08-21 18:00"
38561083, 7, "Kristián Hakel", "MID", 39, 90, 0, 0,	8, 6, 0, 0, 0, 0, "2021-08-21 18:00"
38561083, 8, "Ferdinando Ionata", "MID", 42, 90, 0, 0, 10, 8, 0, 0, 0, 0, "2021-08-21 18:00"
38561083, 9, "Artur Szymkiewicz", "ATT", 45, 90, 3, 0, 6, 6, 0, 0, 0, 0, "2021-08-21 18:00"
38561083, 10, "Ilario Bartolozzi", "MID", 48, 90, 0, 0, 14, 11, 0, 0, 0, 0, "2021-08-21 18:00"
38561083, 11, "Günther Ketels", "MID", 46, 90, 0, 0, 12, 21, 0, 0, 0, 0, "2021-08-21 18:00"

38426334, 1, "Krastan Apostolov", "GK", 56, 90,	0, 0, 4, 0, 0, 0, 0, 0, "2021-08-22 21:58"
38426334, 2, "Henrik Oros", "DEF", 37, 90, 0, 0, 4,	4, 0, 0, 0, 0, "2021-08-22 21:58"
38426334, 3, "Gustav Hamp", "DEF", 33, 90, 0, 0, 3,	5, 0, 0, 0, 0, "2021-08-22 21:58"
38426334, 4, "Hector Honceriu", "DEF", 35, 90, 0, 0, 6,	8, 0, 0, 0, 0, "2021-08-22 21:58"
38426334, 5, "Štefan Sauter", "DEF", 37, 90, 0, 0, 6, 9, 0, 0, 0, 0, "2021-08-22 21:58"
38426334, 6, "Dan Thystrup", "DEF", 39, 90,	0, 0, 6, 6, 0, 0, 0, 0, "2021-08-22 21:58"
38426334, 7, "Artur Szymkiewicz", "MID", 43, 90, 1, 0, 14, 10, 0, 0, 0, 1, "2021-08-22 21:58"
38426334, 8, "Ksawery Maszudziński", "MID", 43, 90,	2, 0, 14, 7, 0, 0, 0, 0, "2021-08-22 21:58"
38426334, 9, "Ferdinando Ionata", "ATT", 43, 90, 5,	1, 7, 10, 0, 0, 1, 0, "2021-08-22 21:58"
38426334, 10, "Ilario Bartolozzi", "MID", 47, 90, 0, 0, 16, 23, 0, 0, 0, 0, "2021-08-22 21:58"
38426334, 11, "Günther Ketels", "MID", 48, 90, 0, 0, 20, 15, 0, 0, 0, 0, "2021-08-22 21:58"

38567915, 1, "Krastan Apostolov", "GK", 54, 90, 0, 0, 14, 0, 0, 0, 0, 0, "2021-08-23 22:00"	 
38567915, 2, "Henrik Oros", "DEF", 34, 90, 0, 0, 5,	7, 0, 0, 0, 0, "2021-08-23 22:00"
38567915, 3, "Gustav Hamp", "DEF", 31, 90, 0, 1, 7,	8, 0, 0, 0, 0, "2021-08-23 22:00"
38567915, 4, "Hector Honceriu", "DEF", 36, 90, 0, 1, 6,	14, 0, 0, 0, 0, "2021-08-23 22:00"
38567915, 5, "Štefan Sauter", "DEF", 37, 90, 0, 0, 10, 8, 0, 0, 0, 0, "2021-08-23 22:00"
38567915, 6, "Dan Thystrup", "DEF", 39,	70, 0, 0, 4, 9, 0, 0, 0, 0, "2021-08-23 22:00"
38567915, 6, "Cezar Adrian Bujor", "DEF", 29, -70, 0, 0, 1,	2, 0, 0, 0, 0, "2021-08-23 22:00"
38567915, 7, "Kristián Hakel", "ATT", 38, 90, 0, 1,	9, 4, 0, 0, 0, 0, "2021-08-23 22:00"
38567915, 8, "Ferdinando Ionata", "ATT", 42, 90, 0, 0, 11, 7, 0, 0, 0, 0, "2021-08-23 22:00"
38567915, 9, "Artur Szymkiewicz", "MID", 44, 90, 0, 0, 6, 7, 0, 0, 0, 0, "2021-08-23 22:00"
38567915, 10, "Ilario Bartolozzi", "MID", 48, 90, 0, 0, 12, 16, 0, 0, 0, 0, "2021-08-23 22:00"
38567915, 11, "Günther Ketels", "MID", 48, 90, 0, 0, 14, 15, 0, 0, 0, 0, "2021-08-23 22:00"

38568079, 1, "Krastan Apostolov", "GK", 55, 90, 0, 0, 11, 0, 0, 0, 0, 0, "2021-08-24 22:00"
38568079, 2, "Štefan Sauter", "DEF", 39, 90, 0, 0, 9, 7, 0, 0, 0, 0, "2021-08-24 22:00"
38568079, 3, "Hector Honceriu", "DEF", 35, 90, 0, 0, 7,	18, 0, 0, 0, 0, "2021-08-24 22:00"
38568079, 4, "Gustav Hamp", "DEF", 34, 90, 0, 1, 6,	20, 0, 0, 0, 0, "2021-08-24 22:00"
38568079, 5, "Henrik Oros", "DEF", 35, 90, 0, 0, 6,	13, 0, 0, 0, 0, "2021-08-24 22:00"
38568079, 6, "Dan Thystrup", "DEF", 38, 90, 0, 0, 6, 6, 0, 0, 0, 0, "2021-08-24 22:00"
38568079, 7, "Artur Szymkiewicz", "MID", 48, 90, 1, 0, 16,	4, 0, 0, 0, 0, "2021-08-24 22:00"
38568079, 8, "Ksawery Maszudziński", "MID", 45, 90, 0, 0, 6, 5, 0, 0, 0, 0, "2021-08-24 22:00"
38568079, 9, "Sică Mergiu", "ATT", 50,	46,	1, 0, 3, 1, 0, 0, 0, 0, "2021-08-24 22:00"
38568079, 9, "Ferdinando Ionata", "ATT", 47, -46, 0, 0, 1, 1, 0, 0, 0, 0, "2021-08-24 22:00"
38568079, 10, "Günther Ketels", "MID", 49, 90, 0, 1, 15, 15, 0, 0, 0, 0, "2021-08-24 22:00"
38568079, 11, "Ilario Bartolozzi", "MID", 49, 90, 0, 0, 12,	10, 0, 0, 0, 0, "2021-08-24 22:00"

38566033, 1, "Rody de Houston", "GK", 56, 90, 0, 0, 2, 0, 0, 0, 0, 0, "2021-08-25 22:00"	 
38566033, 2, "Joel Sopó", "DEF", 31, 90, 0, 0, 8, 14, 0, 0, 0, 0, "2021-08-25 22:00"
38566033, 3, "Christophe Derungs", "DEF", 36, 90, 0, 0, 5, 7, 0, 0, 0, 0, "2021-08-25 22:00"
38566033, 4, "Mustapha Bonnet", "DEF", 18, 90, 0, 0, 5,	5, 0, 0, 0, 0, "2021-08-25 22:00"
38566033, 5, "Nélio Narenti", "DEF", 32, 90, 0, 0, 6, 3, 0, 0, 0, 0, "2021-08-25 22:00"
38566033, 6, "Cezar Adrian Bujor", "DEF", 42, 90, 0, 0, 5, 7, 0, 0, 0, 0, "2021-08-25 22:00"
38566033, 7, "Kristián Hakel", "MID", 38, 90, 2, 0, 15,	10, 0, 0, 0, 0, "2021-08-25 22:00"
38566033, 8, "Gligor-Bogdan Vînătoru", "MID", 37, 90, 2, 0, 14, 10, 0, 0, 0, 0, "2021-08-25 22:00"
38566033, 9, "Sică Mergiu", "ATT", 44, 90, 8, 0, 6,	7, 0, 0, 0, 0, "2021-08-25 22:00"
38566033, 10, "Ksawery Maszudziński", "MID", 43, 90, 0, 0, 17, 20, 0, 0, 0, 0, "2021-08-25 22:00"
38566033, 11, "Günther Ketels", "MID", 50, 45, 0, 0, 8,	7, 0, 0, 0, 0, "2021-08-25 22:00"
38566033, 11, "Ilario Bartolozzi", "MID", 52, -45, 0, 0, 7,	9, 0, 0, 0, 0, "2021-08-25 22:00"

38571589, 1, "Krastan Apostolov", "GK", 27, 90, 0, 0, 1, 0, 0, 0, 0, 0, "2021-08-26 23:31"
38571589, 2, "Henrik Oros", "DEF", 37, 90, 0, 0, 2, 0, 0, 0, 0, 0, "2021-08-26 23:31"
38571589, 3, "Hector Honceriu", "DEF", 41, 90, 0, 0, 3, 8, 0, 0, 0, 0, "2021-08-26 23:31"
38571589, 4, "Gustav Hamp", "DEF", 36, 90, 0, 0, 5, 6, 0, 0, 0, 0, "2021-08-26 23:31"
38571589, 5, "Štefan Sauter", "DEF", 38, 90, 0, 0, 8, 2, 0, 0, 0, 0, "2021-08-26 23:31"
38571589, 6, "Dan Thystrup", "DEF", 41,	90, 0, 0, 3, 8, 0, 0, 0, 0, "2021-08-26 23:31"
38571589, 7, "Artur Szymkiewicz", "MID", 44, 90, 0, 0, 21, 10, 0, 0, 0, 1, "2021-08-26 23:31"
38571589, 8, "Kristián Hakel", "MID", 38, 90, 1, 0, 8, 12, 0, 0, 0, 0, "2021-08-26 23:31"
38571589, 9, "Sică Mergiu", "ATT", 44, 63,	7, 0, 8, 7, 0, 0, 3, 0, "2021-08-26 23:31"
38571589, 9, "Ferdinando Ionata", "ATT", 48, -63, 7, 0, 6, 2, 0, 0, 2, 0, "2021-08-26 23:31"
38571589, 10, "Günther Ketels", "MID", 46, 90, 0, 1, 17, 25, 0, 0, 0, 0, "2021-08-26 23:31"
38571589, 11, "Ilario Bartolozzi", "MID", 50, 90, 0, 0, 16,	20, 0, 0, 0, 0, "2021-08-26 23:31"

38571853, 1, "Krastan Apostolov", "GK", 56, 90, 0, 0, 7, 0, 0, 0, 0, 0,	"2021-08-27 22:00" 
38571853, 2, "Henrik Oros", "DEF", 36, 90, 0, 0, 6,	2, 0, 0, 0, 0, "2021-08-27 22:00"
38571853, 3, "Hector Honceriu", "DEF", 33, 90, 0, 0, 6, 3, 0, 0, 0, 0, "2021-08-27 22:00"
38571853, 4, "Gustav Hamp", "DEF", 33, 90, 0, 0, 6,	6, 0, 0, 0, 0, "2021-08-27 22:00"
38571853, 5, "Štefan Sauter", "DEF", 40, 82, 0, 0, 7, 12, 0, 0, 0, 0, "2021-08-27 22:00"
38571853, 6, "Dan Thystrup", "DEF", 41,	90, 0, 0, 6, 9, 0, 0, 0, 0, "2021-08-27 22:00"
38571853, 7, "Gligor-Bogdan Vînătoru", "MID", 37, 45, 1, 0, 6, 6, 0, 0, 0, 0, "2021-08-27 22:00"
38571853, 7, "Artur Szymkiewicz", "MID", 50, -45, 1, 0, 6, 2, 0, 0, 0, 0, "2021-08-27 22:00"
38571853, 8, "Ksawery Maszudziński", "MID", 40,	45,	1, 0, 5, 7, 0, 0, 0, 0, "2021-08-27 22:00"
38571853, 8, "Ferdinando Ionata", "MID", 46, -45, 1, 0, 6, 3, 0, 0, 0, 0, "2021-08-27 22:00"
38571853, 9, "Sică Mergiu", "ATT", 43,	45,	2, 0, 5, 7, 0, 0, 0, 0, "2021-08-27 22:00"
38571853, 9, "Kristián Hakel", "ATT", 43, -45, 2, 0, 4, 6, 0, 0, 1, 0, "2021-08-27 22:00"
38571853, 10, "Günther Ketels", "MID", 46, 90, 0, 1, 13, 27, 0, 0, 0, 1, "2021-08-27 22:00"
38571853, 11, "Ilario Bartolozzi", "MID", 50, 90, 0, 0, 17, 9, 0, 0, 0, 0, "2021-08-27 22:00"

38571985, 1, "Krastan Apostolov", "GK", 57, 90, 0, 0, 5, 0,	0, 0, 0, 0, "2021-08-28 22:00"
38571985, 2, "Henrik Oros", "DEF", 38, 90, 0, 0, 6,	8, 0, 0, 0, 0, "2021-08-28 22:00"
38571985, 3, "Hector Honceriu", "DEF", 35, 90, 0, 0, 3,	6, 0, 0, 0, 0, "2021-08-28 22:00"
38571985, 4, "Gustav Hamp", "DEF", 35, 90, 0, 0, 4,	8, 0, 0, 0, 0, "2021-08-28 22:00"
38571985, 5, "Štefan Sauter", "DEF", 37, 90, 0, 0, 5, 10, 0, 0, 0, 0, "2021-08-28 22:00"
38571985, 6, "Dan Thystrup", "DEF", 41,	90, 0, 0, 7, 8, 0, 0, 0, 0, "2021-08-28 22:00"
38571985, 7, "Sică Mergiu", "ATT", 39,	61,	0, 0, 6, 4, 0, 0, 0, 0, "2021-08-28 22:00"
38571985, 7, "Artur Szymkiewicz", "ATT", 50, -61, 4, 0, 6, 0, 0, 0, 0, "2021-08-28 22:00"
38571985, 8, "Ferdinando Ionata", "ATT", 40, 61, 1, 0, 9, 10, 0, 0, 0, 0, "2021-08-28 22:00"
38571985, 8, "Kristián Hakel", "ATT", 43, -61, 2, 0, 4, 1, 0, 0, 0, 0, "2021-08-28 22:00"
38571985, 9, "Ilario Bartolozzi", "MID", 49, 90, 0, 1, 15, 11, 0, 0, 0, 0, "2021-08-28 22:00"
38571985, 10, "Ksawery Maszudziński", "MID", 42, 61, 0, 0, 10, 14, 0, 0, 0, 0, "2021-08-28 22:00"
38571985, 10, "Cezar Adrian Bujor", "MID", 41, -61,	0, 0, 3, 4, 0, 0, 0, 0, "2021-08-28 22:00"
38571985, 11, "Günther Ketels", "MID", 50, 90, 0, 0, 15, 16, 0, 0, 0, 0, "2021-08-28 22:00"

38426342, 1, "Krastan Apostolov", "GK", 57, 90, 0, 0, 2, 0,	0, 0, 0, 0, "2021-08-29 21:58"
38426342, 2, "Henrik Oros", "DEF", 39, 90, 0, 0, 5, 12, 0, 0, 0, 0, "2021-08-29 21:58"
38426342, 3, "Hector Honceriu", "DEF", 35, 90, 0, 0, 3,	6, 0, 0, 0, 0, "2021-08-29 21:58"
38426342, 4, "Gustav Hamp", "DEF", 33, 90, 0, 0, 3, 3, 0, 0, 0, 0, "2021-08-29 21:58"
38426342, 5, "Štefan Sauter", "DEF", 37, 90, 0, 0, 5, 11, 0, 0, 0, 0, "2021-08-29 21:58"
38426342, 6, "Dan Thystrup", "DEF", 42, 90, 0, 0, 5, 5, 0, 0, 0, 0, "2021-08-29 21:58"
38426342, 7, "Kristián Hakel", "MID", 42, 45, 2, 0, 8, 4, 0, 0, 2, 0, "2021-08-29 21:58"
38426342, 7, "Artur Szymkiewicz", "MID", 47, -45, 4, 0, 15, 6, 0, 0, 0, 1, "2021-08-29 21:58"
38426342, 8, "Sică Mergiu", "ATT", 40,	45,	3, 0, 9, 9, 0, 0, 0, 0, "2021-08-29 21:58"
38426342, 8, "Ferdinando Ionata", "ATT", 44, -45, 5, 0, 12, 7, 0, 0, 2, 0, "2021-08-29 21:58"
38426342, 9, "Ilario Bartolozzi", "MID", 49, 90, 0, 0, 9, 9, 0, 0, 0, 2, "2021-08-29 21:58"
38426342, 10, "Ksawery Maszudziński", "MID", 42, 90, 0, 0, 9, 10, 0, 0, 0, 0, "2021-08-29 21:58"
38426342, 11, "Günther Ketels", "MID", 48, 90, 0, 1, 13, 16, 0, 0, 0, 0, "2021-08-29 21:58"

38571984, 1, "Krastan Apostolov", "GK", 57, 90, 0, 0, 5, 0,	0, 0, 0, 0, "2021-08-30 22:00"
38571984, 2, "Henrik Oros", "DEF", 37, 90, 0, 0, 10, 3, 0, 0, 0, 0, "2021-08-30 22:00"
38571984, 3, "Hector Honceriu", "DEF", 38, 46, 0, 0, 1, 1, 0, 0, 0, 0, "2021-08-30 22:00"
38571984, 3, "Christophe Derungs", "DEF", 34, -46, 0, 0, 6, 1, 0, 0, 0, 0, "2021-08-30 22:00"
38571984, 4, "Gustav Hamp", "DEF", 32, 90, 0, 0, 4, 5, 0, 0, 0, 0, "2021-08-30 22:00"
38571984, 5, "Štefan Sauter", "DEF", 37, 90, 0, 0, 7, 10, 0, 0, 0, 0, "2021-08-30 22:00"
38571984, 6, "Dan Thystrup", "DEF", 38, 90, 0, 0, 4, 5, 0, 0, 0, 0, "2021-08-30 22:00"
38571984, 7, "Kristián Hakel", "MID", 39, 46, 2, 0, 6, 14, 0, 0, 1, 0, "2021-08-30 22:00"
38571984, 7, "Artur Szymkiewicz", "MID", 48, -46, 0, 0, 7, 6, 0, 0, 0, 0, "2021-08-30 22:00"
38571984, 8, "Sică Mergiu", "ATT", 36, 46, 0, 0, 4,	9, 0, 0, 0, 0, "2021-08-30 22:00"
38571984, 8, "Ferdinando Ionata", "ATT", 44, -46, 2, 0, 8, 4, 0, 0, 0, 0, "2021-08-30 22:00"
38571984, 9, "Ilario Bartolozzi", "MID", 49, 90, 1, 0, 12, 10, 0, 0, 0, 0, "2021-08-30 22:00"
38571984, 10, "Ksawery Maszudziński", "MID", 41, 90, 0, 2, 11, 17, 0, 0, 0, 0, "2021-08-30 22:00"
38571984, 11, "Günther Ketels", "MID", 49, 90, 0, 0, 13, 13, 0, 0, 0, 1, "2021-08-30 22:00"

38571986, 1, "Krastan Apostolov", "GK", 56, 90, 0, 0, 3, 0,	0, 0, 0, 0, "2021-08-31 22:00"
38571986, 2, "Štefan Sauter", "DEF", 38, 90, 0, 0, 4, 4, 0, 0, 0, 0, "2021-08-31 22:00"
38571986, 3, "Hector Honceriu", "DEF", 33, 90, 0, 0, 7, 7, 0, 0, 0, 0, "2021-08-31 22:00"
38571986, 4, "Gustav Hamp", "DEF", 31, 90, 0, 0, 5,	5, 0, 0, 0, 0, "2021-08-31 22:00"
38571986, 5, "Henrik Oros", "DEF", 35, 90, 0, 0, 8, 8, 0, 0, 0, 0, "2021-08-31 22:00"
38571986, 6, "Dan Thystrup", "DEF", 36, 90, 0, 0, 3, 9, 0, 0, 0, 0, "2021-08-31 22:00"
38571986, 7, "Artur Szymkiewicz", "MID", 47, 90, 1, 1, 13, 10, 1, 0, 0, 1, "2021-08-31 22:00"
38571986, 8, "Ferdinando Ionata", "ATT", 43, 90, 5, 0, 17, 8, 0, 0, 1, 0, "2021-08-31 22:00"
38571986, 9, "Ilario Bartolozzi", "MID", 50, 90, 1, 0, 11, 16, 0, 0, 0, 0, "2021-08-31 22:00"
38571986, 10, "Ksawery Maszudziński", "MID", 42, 90, 0, 0, 11, 12, 0, 0, 0, 0, "2021-08-31 22:00"
38571986, 11, "Günther Ketels", "MID", 49, 90, 0, 0, 17, 20, 0, 0, 0, 0, "2021-08-31 22:00"

38571607, 1, "Rody de Houston", "GK", 54, 90, 0, 0, 5, 0, 0, 0, 0, 0, "2021-09-01 22:00"
38571607, 2, "Joel Sopó", "DEF", 29, 45, 0, 0, 4, 3, 0, 0, 0, 0, "2021-09-01 22:00"
38571607, 2, "Tazar Trbojević", "DEF", 33, -45, 0, 0, 5, 5, 0, 0, 0, 0, "2021-09-01 22:00"
38571607, 3, "Mustapha Bonnet", "DEF", 20, 90, 0, 0, 3, 4, 0, 0, 0, 0, "2021-09-01 22:00"
38571607, 4, "Christophe Derungs", "DEF", 33, 90, 0, 0, 4, 6, 0, 0, 0, 0, "2021-09-01 22:00"
38571607, 5, "Nélio Narenti", "DEF", 35, 90, 0, 0, 7, 4, 0, 0, 0, 0, "2021-09-01 22:00"
38571607, 6, "Cezar Adrian Bujor", "DEF", 42, 90, 0, 1, 3, 5, 1, 0, 0, 0, "2021-09-01 22:00"
38571607, 7, "Gligor-Bogdan Vînătoru", "MID", 38, 90, 4, 0, 17, 6, 0, 0, 2, 0, "2021-09-01 22:00"
38571607, 8, "Sică Mergiu", "ATT", 37, 45, 2, 1, 10, 12, 0, 0, 1, 0, "2021-09-01 22:00"
38571607, 8, "Ferdinando Ionata", "ATT", 43, -45, 6, 1,	12, 10, 1, 0, 4, 1, "2021-09-01 22:00"
38571607, 9, "Kristián Hakel", "MID", 36, 90, 1, 0, 6, 12, 0, 0, 0, 0, "2021-09-01 22:00"
38571607, 10, "Ksawery Maszudziński", "MID", 43, 90, 0, 2, 9, 12, 1, 0, 0, 0, "2021-09-01 22:00"
38571607, 11, "Günther Ketels", "MID", 49, 45, 2, 0, 8,	14, 0, 0, 0, 0, "2021-09-01 22:00"
38571607, 11, "Ilario Bartolozzi", "MID", 51, -45, 0, 0, 5,	5, 0, 0, 0, 0, "2021-09-01 22:00"

38574390, 1, "Krastan Apostolov", "GK", 56, 90, 0, 0, 10, 0, 0, 0, 0, 0, "2021-09-03 19:00"
38574390, 2, "Štefan Sauter", "DEF", 39, 90, 0, 0, 10, 18, 0, 0, 0, 0, "2021-09-03 19:00"
38574390, 3, "Hector Honceriu", "DEF", 34, 90, 0, 0, 8,	8, 0, 0, 0, 0, "2021-09-03 19:00"
38574390, 4, "Gustav Hamp", "DEF", 33, 90, 0, 0, 9, 7, 0, 0, 0, 0, "2021-09-03 19:00"
38574390, 5, "Henrik Oros", "DEF", 41,	46, 0, 0, 11, 10, 0, 0, 0, 0, "2021-09-03 19:00"
38574390, 5, "Christophe Derungs", "DEF", 36, -46, 0, 0, 5, 3, 0, 0, 0, 0, "2021-09-03 19:00"
38574390, 6, "Dan Thystrup", "DEF", 37, 90, 0, 0, 3, 13, 0, 0, 0, 0, "2021-09-03 19:00"
38574390, 7, "Artur Szymkiewicz", "MID", 46, 90, 1, 0, 7, 5, 0, 0, 0, 0, "2021-09-03 19:00"
38574390, 8, "Sică Mergiu", "ATT", 41, 46, 0, 0, 3, 5, 0, 0, 0, 0, "2021-09-03 19:00"
38574390, 8, "Ferdinando Ionata", "ATT", 45, -46, 0, 0, 2, 1, 0, 0, 0, 0, "2021-09-03 19:00"
38574390, 9, "Ilario Bartolozzi", "MID", 49, 90, 0, 0, 12, 13, 0, 0, 0, 0, "2021-09-03 19:00"
38574390, 10, "Ksawery Maszudziński", "MID", 43, 16, 0, 1, 4, 6, 0, 1, 0, 0, "2021-09-03 19:00"
38574390, 11, "Günther Ketels", "MID", 50, 90, 0, 0, 13, 11, 0, 0, 0, 0, "2021-09-03 19:00"

38578336, 1, "Krastan Apostolov", "GK", 58, 90, 0, 0, 2, 0, 0, 0, 0, 0, "2021-09-04 22:00"
38578336, 2, "Štefan Sauter", "DEF", 40, 90, 0, 0, 5, 2, 0, 0, 0, 0, "2021-09-04 22:00"
38578336, 3, "Hector Honceriu", "DEF", 38, 90, 0, 0, 3, 6, 0, 0, 0, 0, "2021-09-04 22:00"
38578336, 4, "Gustav Hamp", "DEF", 35, 90, 0, 0, 3, 5, 0, 0, 0, 0, "2021-09-04 22:00"
38578336, 5, "Henrik Oros", "DEF", 37, 90, 0, 0, 9, 8, 0, 0, 0, 0, "2021-09-04 22:00"
38578336, 6, "Dan Thystrup", "DEF", 41, 90, 0, 0, 6, 11, 0, 0, 0, 0, "2021-09-04 22:00"
38578336, 7, "Ksawery Maszudziński", "MID", 46,	45,	1, 0, 6, 5, 0, 0, 0, 0, "2021-09-04 22:00"
38578336, 7, "Kristián Hakel", "MID", 42, -45, 1, 0, 8, 3, 0, 0, 0, 0, "2021-09-04 22:00"
38578336, 8, "Artur Szymkiewicz", "MID", 46, 90, 3, 0, 17, 12, 0, 0, 0, 1, "2021-09-04 22:00"
38578336, 9, "Sică Mergiu", "ATT", 45,	45,	4, 0, 4, 2, 0, 0, 1, 0, "2021-09-04 22:00"
38578336, 9, "Ferdinando Ionata", "ATT", 46, -45, 5, 0, 7, 1, 0, 0, 2, 0, "2021-09-04 22:00"
38578336, 10, "Günther Ketels", "MID", 47, 90, 0, 1, 10, 27, 0, 0, 0, 0, "2021-09-04 22:00"
38578336, 11, "Ilario Bartolozzi", "MID", 49, 90, 0, 1, 18, 18, 0, 0, 0, 0, "2021-09-04 22:00"

38426354, 1, "Krastan Apostolov", "GK", 27, 90, 0, 0, 0, 0,	0, 0, 0, 0, "2021-09-05 21:59" 	 	 
38426354, 2, "Henrik Oros", "DEF", 36, 90, 0, 0, 1, 0, 0, 0, 0, 0, "2021-09-05 21:59"
38426354, 3, "Hector Honceriu", "DEF", 30, 90, 0, 0, 1, 0, 0, 0, 0, 0, "2021-09-05 21:59"
38426354, 4, "Gustav Hamp", "DEF", 40, 90, 0, 0, 1,	6, 0, 0, 0, 0, "2021-09-05 21:59"
38426354, 5, "Štefan Sauter", "DEF", 39, 90, 0, 0, 2, 2, 0, 0, 0, 0, "2021-09-05 21:59"
38426354, 6, "Dan Thystrup", "DEF", 43, 90, 0, 0, 4, 5, 0, 0, 0, 0, "2021-09-05 21:59"
38426354, 7, "Ksawery Maszudziński", "MID", 41,	46,	5, 0, 9, 7, 0, 0, 0, 1, "2021-09-05 21:59"
38426354, 7, "Kristián Hakel", "MID", 40, -46, 3, 0, 7, 7, 0, 0, 1, 0, "2021-09-05 21:59"
38426354, 8, "Artur Szymkiewicz", "MID", 44, 90, 5, 0, 20, 18, 0, 0, 3, 2, "2021-09-05 21:59"
38426354, 9, "Sică Mergiu", "ATT", 40, 46, 9, 0, 6,	13, 0, 0, 3, 0, "2021-09-05 21:59"
38426354, 9, "Ferdinando Ionata", "ATT", 43, 24, 9, 0, 7, 9, 0, 0, 2, 0, "2021-09-05 21:59"
38426354, 9, "Cezar Adrian Bujor", "ATT", 36, -70, 10, 0, 7, 10, 0, 0, 1, 1, "2021-09-05 21:59"
38426354, 10, "Ilario Bartolozzi", "MID", 50, 90, 0, 0, 20, 8, 0, 0, 0, 0, "2021-09-05 21:59"
38426354, 11, "Günther Ketels", "MID", 51, 90, 0, 0, 12, 14, 0, 0, 0, 0, "2021-09-05 21:59"

38580208, 1, "Krastan Apostolov", "GK", 56, 90,	0, 0, 4, 0,	0, 0, 0, 0, "2021-09-06 20:00"
38580208, 2, "Henrik Oros", "DEF", 35, 90, 0, 0, 3, 9, 0, 0, 0, 0, "2021-09-06 20:00"
38580208, 3, "Hector Honceriu", "DEF", 34, 68, 0, 2, 4, 3, 2, 1, 0, 0, "2021-09-06 20:00"
38580208, 4, "Gustav Hamp", "DEF", 34, 90, 0, 0, 8, 7, 0, 0, 0, 0, "2021-09-06 20:00"
38580208, 5, "Štefan Sauter", "DEF", 38, 90, 0, 0, 4, 5, 0, 0, 0, 0, "2021-09-06 20:00"
38580208, 6, "Dan Thystrup", "DEF", 39, 90, 0, 0, 4, 11, 0, 0, 0, 0, "2021-09-06 20:00"
38580208, 7, "Artur Szymkiewicz", "MID", 47, 90, 1, 1, 12, 10, 0, 0, 0, 0, "2021-09-06 20:00"
38580208, 8, "Sică Mergiu", "ATT", 41, 67, 1, 0, 12, 4, 0, 0, 0, 0, "2021-09-06 20:00"
38580208, 8, "Kristián Hakel", "ATT", 44, -67, 0, 0, 6, 1, 0, 0, 0, 0, "2021-09-06 20:00"
38580208, 9, "Ksawery Maszudziński", "MID", 39, 90, 1, 1, 11, 21, 0, 0, 0, 0, "2021-09-06 20:00"
38580208, 10, "Günther Ketels", "MID", 49, 90, 0, 0, 9, 12, 0, 0, 0, 0, "2021-09-06 20:00"
38580208, 11, "Ilario Bartolozzi", "MID", 51, 74, 1, 0, 19,	13, 0, 0, 0, 0, "2021-09-06 20:00"
38580208, 11, "Cezar Adrian Bujor", "MID", 35, -74, 0, 0, 2, 2, 0, 0, 0, 0, "2021-09-06 20:00"

38580201, 1, "Krastan Apostolov", "GK", 56, 90, 0, 0, 7, 0, 0, 0, 0, 0, "2021-09-07 19:00"
38580201, 2, "Henrik Oros", "DEF", 37, 90, 0, 0, 9,	9, 0, 0, 0, 0, "2021-09-07 19:00"
38580201, 3, "Hector Honceriu", "DEF", 34, 90, 0, 0, 7,	7, 0, 0, 0, 0, "2021-09-07 19:00"
38580201, 4, "Gustav Hamp", "DEF", 32, 90, 0, 0, 6,	6, 0, 0, 0, 0, "2021-09-07 19:00"
38580201, 5, "Štefan Sauter", "DEF", 41, 90, 0, 0, 6, 5, 0, 0, 0, 0, "2021-09-07 19:00"
38580201, 6, "Dan Thystrup", "DEF", 37, 90, 0, 1, 5, 19, 1, 0, 0, 0, "2021-09-07 19:00"
38580201, 7, "Artur Szymkiewicz", "MID", 49, 90, 1, 0, 12, 6, 0, 0, 0, 0, "2021-09-07 19:00"
38580201, 8, "Sică Mergiu", "ATT", 41, 46, 0, 0, 5,	4, 0, 0, 0, 0, "2021-09-07 19:00"
38580201, 8, "Kristián Hakel", "ATT", 42, -46, 1, 0, 6, 1, 0, 0, 0, 0, "2021-09-07 19:00"
38580201, 9, "Ilario Bartolozzi", "MID", 49, 90, 1, 1, 16, 16, 0, 0, 0, 0, "2021-09-07 19:00"
38580201, 10, "Ksawery Maszudziński", "MID", 42, 90, 0, 1, 11, 13, 0, 0, 0, 0, "2021-09-07 19:00"
38580201, 11, "Günther Ketels", "MID", 48, 90, 0, 0, 10, 12, 0, 0, 0, 0, "2021-09-07 19:00"

38577558, 1, "Rody de Houston", "GK", 56, 90, 0, 0, 2, 0, 0, 0, 0, 0, "2021-09-08 23:29"	 
38577558, 2, "Nélio Narenti", "DEF", 37, 45, 0, 0, 2, 2, 0, 0, 0, 0, "2021-09-08 23:29"
38577558, 2, "Joel Sopó", "DEF", 31, -45, 90, 0, 0, 4, 7, 0, 0, 0, 0, "2021-09-08 23:29"
38577558, 3, "Mustapha Bonnet", "DEF", 25, 90, 0, 0, 4,	10, 0, 0, 0, 0, "2021-09-08 23:29"
38577558, 4, "Christophe Derungs", "DEF", 31, 90, 0, 0, 1, 2, 0, 0, 0, 0, "2021-09-08 23:29"
38577558, 5, "Tazar Trbojević", "DEF", 30, 90, 0, 0, 7,	3, 0, 0, 0, 0, "2021-09-08 23:29"
38577558, 6, "Cezar Adrian Bujor", "DEF", 41, 90, 0, 0, 3, 8, 0, 0, 0, 0, "2021-09-08 23:29"
38577558, 7, "Gligor-Bogdan Vînătoru", "MID", 36, 90, 6, 1, 13,	8, 0, 0, 1, 0, "2021-09-08 23:29"
38577558, 8, "Sică Mergiu", "ATT", 40, 90, 6, 0, 11, 4, 0, 0, 1, 1, "2021-09-08 23:29"
38577558, 9, "Kristián Hakel", "MID", 36, 90, 0, 0, 17, 11, 0, 0, 0, 0, "2021-09-08 23:29"
38577558, 10, "Günther Ketels", "MID", 53, 45, 0, 0, 11, 8, 0, 0, 0, 0, "2021-09-08 23:29"
38577558, 10, "Ilario Bartolozzi", "MID", 51, -45, 0, 0, 9,	10, 0, 0, 0, 0, "2021-09-08 23:29"
38577558, 11, "Ksawery Maszudziński", "MID", 41, 90, 0, 1, 14, 27, 0, 0, 0, 0, "2021-09-08 23:29"

38582329, 1, "Krastan Apostolov", "GK", 57, 90, 0, 0, 7, 0,	0, 0, 0, 0, "2021-09-09 19:35"
38582329, 2, "Henrik Oros", "DEF", 35, 90, 0, 1, 4, 10, 0, 0, 0, 0, "2021-09-09 19:35"
38582329, 3, "Hector Honceriu", "DEF", 35, 90, 0, 0, 2,	5, 0, 0, 0, 0, "2021-09-09 19:35"
38582329, 4, "Gustav Hamp", "DEF", 30, 90, 0, 0, 5,	2, 0, 0, 0, 0, "2021-09-09 19:35"
38582329, 5, "Štefan Sauter", "DEF", 39, 90, 0, 0, 7, 11, 0, 0, 0, 0, "2021-09-09 19:35"
38582329, 6, "Dan Thystrup", "DEF", 40, 90,	0, 0, 4, 4, 0, 0, 0, 0, "2021-09-09 19:35"
38582329, 7, "Kristián Hakel", "MID", 40, 45, 0, 1, 5, 9, 0, 0, 0, 0, "2021-09-09 19:35"
38582329, 7, "Artur Szymkiewicz", "MID", 52, -45, 0, 1,	8, 1, 1, 0, 0, 0, "2021-09-09 19:35"
38582329, 8, "Sică Mergiu", "ATT", 39, 90, 5, 0, 12, 8, 0, 0, 0, 0, "2021-09-09 19:35"
38582329, 9, "Ilario Bartolozzi", "MID", 49, 90, 2, 0, 16, 12, 0, 0, 0, 0, "2021-09-09 19:35"
38582329, 10, "Ksawery Maszudziński", "MID", 46, 45, 0, 0, 8, 8, 0, 0, 0, 0, "2021-09-09 19:35"
38582329, 10, "Cezar Adrian Bujor", "MID", 43, -45, 0, 0, 6, 9, 0, 0, 0, 0, "2021-09-09 19:35"
38582329, 11, "Günther Ketels", "MID", 50, 90, 0, 0, 16, 19, 0, 0, 0, 0, "2021-09-09 19:35"

38580216, 1, "Krastan Apostolov", "GK", 57, 90, 0, 0, 3, 0, 0, 0, 0, 0, "2021-09-12 01:30"
38580216, 2, "Henrik Oros", "DEF", 35, 90, 0, 1, 4, 9, 0, 0, 1, 0, "2021-09-12 01:30"
38580216, 3, "Hector Honceriu", "DEF", 38, 90, 0, 0, 4, 8, 0, 0, 0, 0, "2021-09-12 01:30"
38580216, 4, "Gustav Hamp", "DEF", 32, 90, 0, 0, 3,	3, 0, 0, 0, 0, "2021-09-12 01:30"
38580216, 5, "Štefan Sauter", "DEF", 40, 90, 0, 0, 7, 5, 0, 0, 0, 0, "2021-09-12 01:30"
38580216, 6, "Dan Thystrup", "DEF", 40, 90,	0, 1, 8, 22, 0, 0, 0, 0, "2021-09-12 01:30"
38580216, 7, "Ferdinando Ionata", "MID", 44, 60, 2, 0, 10, 2, 0, 0, 0, 0, "2021-09-12 01:30"
38580216, 7, "Artur Szymkiewicz", "MID", 51, -60, 1, 0, 13,	1, 0, 0, 1, 0, "2021-09-12 01:30"
38580216, 8, "Sică Mergiu", "ATT", 35, 90, 3, 0, 13, 14, 0, 0, 0, 0, "2021-09-12 01:30"
38580216, 9, "Alim Bent", "MID", 33, 90, 2, 0, 4, 7, 0, 0, 1, 0, "2021-09-12 01:30"
38580216, 10, "Ilario Bartolozzi", "MID", 47, 90, 2, 1, 15, 11, 1, 0, 1, 0, "2021-09-12 01:30"
38580216, 11, "Günther Ketels", "MID", 47, 90, 0, 0, 13, 16, 0, 0, 0, 0, "2021-09-12 01:30"

38426360, 1, "Krastan Apostolov", "GK", 58, 90, 0, 0, 0, 0, 0, 0, 0, 0, "2021-09-12 21:59"	 	 	 
38426360, 2, "Henrik Oros", "DEF", 36, 90, 0, 0, 5,	1, 0, 0, 0, 0, "2021-09-12 21:59"
38426360, 3, "Hector Honceriu", "DEF", 36, 90, 0, 0, 3,	3, 0, 0, 0, 0, "2021-09-12 21:59"
38426360, 4, "Gustav Hamp", "DEF", 32, 90, 0, 0, 2, 2, 0, 0, 0, 0, "2021-09-12 21:59"
38426360, 5, "Nélio Narenti", "DEF", 36, 90, 0, 0, 4, 4, 0, 0, 0, 0, "2021-09-12 21:59"
38426360, 6, "Dan Thystrup", "DEF", 41, 90, 0, 0, 3, 1, 0, 0, 0, 0, "2021-09-12 21:59"
38426360, 7, "Gligor-Bogdan Vînătoru", "MID", 36, 90, 2, 0, 16, 14, 0, 0, 0, 2, "2021-09-12 21:59"
38426360, 8, "Artur Szymkiewicz", "MID", 46, 90, 8, 0, 15, 4, 0, 0, 2, 0, "2021-09-12 21:59"
38426360, 9, "Sică Mergiu", "ATT", 37, 90, 21, 0, 22, 28, 0, 0, 4, 0, "2021-09-12 21:59"
38426360, 10, "Ilario Bartolozzi", "MID", 48, 90, 0, 0, 19, 17, 0, 0, 1, 0, "2021-09-12 21:59"
38426360, 11, "Günther Ketels", "MID", 47, 90, 0, 0, 9, 26, 0, 0, 0, 0, "2021-09-12 21:59"

38584048, 1, "Krastan Apostolov", "GK", 55, 90,	0, 0, 8, 0,	0, 0, 0, 0, "2021-09-13 22:00"
38584048, 2, "Henrik Oros", "DEF", 34, 90, 0, 0, 7, 6, 0, 0, 0, 0, "2021-09-13 22:00"
38584048, 3, "Hector Honceriu", "DEF", 39, 90, 0, 0, 3,	6, 0, 0, 0, 0, "2021-09-13 22:00"
38584048, 4, "Gustav Hamp", "DEF", 33, 90, 0, 0, 6, 7, 0, 0, 0, 0, "2021-09-13 22:00"
38584048, 5, "Štefan Sauter", "DEF", 36, 90, 0, 0, 10, 5, 0, 0, 0, 0, "2021-09-13 22:00"
38584048, 6, "Dan Thystrup", "DEF", 40, 90, 0, 0, 3, 9, 0, 0, 0, 0, "2021-09-13 22:00"
38584048, 7, "Kristián Hakel", "MID", 42, 45, 2, 0, 6, 5, 0, 0, 0, 0, "2021-09-13 22:00"
38584048, 7, "Artur Szymkiewicz", "MID", 51, -45, 1, 0, 7, 4, 0, 0, 0, 0, "2021-09-13 22:00"
38584048, 8, "Alim Bent", "ATT", 46, 45, 1, 0, 3, 1, 0, 0, 1, 0, "2021-09-13 22:00"
38584048, 8, "Sică Mergiu", "ATT", 39, -45,	 0, 0, 7, 6, 0, 0, 0, 0, "2021-09-13 22:00"
38584048, 9, "Ilario Bartolozzi", "MID", 49, 90, 0, 0, 10, 5, 0, 0, 0, 0, "2021-09-13 22:00"
38584048, 10, "Ksawery Maszudziński", "MID", 44, 90, 0, 1, 17, 23, 1, 0, 0, 0, "2021-09-13 22:00"
38584048, 11, "Günther Ketels", "MID", 46, 90, 0, 1, 12, 20, 0, 0, 0, 0, "2021-09-13 22:00"

38584202, 1, "Krastan Apostolov", "GK", 55, 90, 0, 0, 10, 0, 0, 0, 0, 0, "2021-09-14 22:00"
38584202, 2, "Henrik Oros", "DEF", 34, 90, 0, 0, 9, 12, 0, 0, 0, 0, "2021-09-14 22:00"
38584202, 3, "Hector Honceriu", "DEF", 32, 90, 0, 0, 6, 5, 0, 0, 0, 0, "2021-09-14 22:00"
38584202, 4, "Gustav Hamp", "DEF", 32, 90, 0, 0, 6,	9, 0, 0, 0, 0, "2021-09-14 22:00"
38584202, 5, "Štefan Sauter", "DEF", 42, 90, 0, 0, 6, 10, 0, 0, 0, 0, "2021-09-14 22:00"
38584202, 6, "Dan Thystrup", "DEF", 35,	59, 0, 0, 2, 3, 0, 0, 0, 0, "2021-09-14 22:00"
38584202, 6, "Christophe Derungs", "DEF", 31, -59, 0, 0, 3,	5, 0, 0, 0, 0, "2021-09-14 22:00"
38584202, 7, "Artur Szymkiewicz", "MID", 51, 90, 0, 0, 13, 4, 0, 0, 0, 0, "2021-09-14 22:00"
38584202, 8, "Alim Bent", "ATT", 37, 90, 1, 0, 10, 11, 0, 0, 0, 0, "2021-09-14 22:00"
38584202, 9, "Ilario Bartolozzi", "MID", 49, 90, 0, 1, 12, 16, 0, 0, 0, 0, "2021-09-14 22:00"
38584202, 10, "Ksawery Maszudziński", "MID", 43, 90, 0, 0, 15, 14, 0, 0, 0, 0, "2021-09-14 22:00"
38584202, 11, "Günther Ketels", "MID", 51,	50,	0, 2, 8, 10, 2, 1, 0, 0, "2021-09-14 22:00"

38583361, 1, "Rody de Houston", "GK", 52, 90, 0, 0, 10, 0, 0, 0, 0, 0, "2021-09-16 01:29"
38583361, 2, "Nélio Narenti", "DEF", 34, 90, 0, 0, 11, 6, 0, 0, 0, 0, "2021-09-16 01:29"
38583361, 3, "Mustapha Bonnet", "DEF", 21, 90, 0, 0, 4, 4, 0, 0, 0, 0, "2021-09-16 01:29"
38583361, 4, "Christophe Derungs", "DEF", 36, 46, 0, 0, 4, 9, 0, 0, 0, 0, "2021-09-16 01:29"
38583361, 4, "Dan Thystrup", "DEF", 40,	-46, 0, 0, 3, 7, 0, 0, 0, 0, "2021-09-16 01:29"
38583361, 5, "Joel Sopó", "DEF", 29, 90, 0, 0, 7, 14, 0, 0, 0, 0, "2021-09-16 01:29"
38583361, 6, "Cezar Adrian Bujor", "DEF", 45, 90, 0, 0, 9, 9, 0, 0, 0, 0, "2021-09-16 01:29"
38583361, 7, "Gligor-Bogdan Vînătoru", "MID", 36, 90, 2, 0, 9, 11, 0, 0, 0, 0, "2021-09-16 01:29"
38583361, 8, "Alim Bent", "ATT", 37, 90, 0, 0, 13, 6, 0, 0, 0, 0, "2021-09-16 01:29"
38583361, 9, "Kristián Hakel", "MID", 38, 90, 0, 0, 6, 9, 0, 0, 0, 0, "2021-09-16 01:29"
38583361, 10, "Günther Ketels", "MID", 46, 46, 0, 0, 3,	10, 0, 0, 0, 0, "2021-09-16 01:29"
38583361, 10, "Ilario Bartolozzi", "MID", 48, -46, 0, 0, 7, 6, 0, 0, 0, 0, "2021-09-16 01:29"
38583361, 11, "Ksawery Maszudziński", "MID", 47, 90, 0, 1, 13, 8, 1, 0, 0, 0, "2021-09-16 01:29"

38584055, 1, "Krastan Apostolov", "GK", 56, 90, 0, 0, 6, 0,	 0, 0, 0, 0, "2021-09-17 01:30"
38584055, 2, "Henrik Oros", "DEF", 35, 90, 0, 0, 2,	9, 0, 0, 0, 0, "2021-09-17 01:30"
38584055, 3, "Hector Honceriu", "DEF", 37, 90, 0, 1, 5,	11, 1, 0, 0, 0, "2021-09-17 01:30"
38584055, 4, "Gustav Hamp", "DEF", 27, 90, 0, 0, 2,	2, 0, 0, 0, 0, "2021-09-17 01:30"
38584055, 5, "Štefan Sauter", "DEF", 38, 90, 0, 1, 3, 5, 0, 0, 0, 0, "2021-09-17 01:30"
38584055, 6, "Dan Thystrup", "MID", 41, 90, 0, 0, 6, 26, 0, 0, 0, 0, "2021-09-17 01:30"
38584055, 7, "Artur Szymkiewicz", "ATT", 51, 90, 1, 0, 15, 4, 0, 0, 0, 0, "2021-09-17 01:30"
38584055, 8, "Ferdinando Ionata", "ATT", 42, 90, 2, 0, 12, 6, 0, 0, 0, 0, "2021-09-17 01:30"
38584055, 9, "Sică Mergiu", "ATT", 41, 90, 2, 0, 11, 7, 0, 0, 0, 0, "2021-09-17 01:30"
38584055, 10, "Ilario Bartolozzi", "MID", 49, 90, 0, 0, 15, 10, 0, 0, 0, 0, "2021-09-17 01:30"
38584055, 11, "Günther Ketels", "MID", 49, 90, 0, 1, 20, 19, 1, 0, 0, 0, "2021-09-17 01:30"

38584432, 1, "Krastan Apostolov", "GK", 56, 90, 0, 0, 4, 0,	0, 0, 0, 0, "2021-09-17 22:00"
38584432, 2, "Henrik Oros", "DEF", 35, 90, 0, 1, 6, 11, 0, 0, 0, 0, "2021-09-17 22:00"
38584432, 3, "Hector Honceriu", "DEF", 37, 90, 0, 0, 6,	9, 0, 0, 0, 0, "2021-09-17 22:00"
38584432, 4, "Gustav Hamp", "DEF", 29, 90, 0, 0, 4,	3, 0, 0, 0, 0, "2021-09-17 22:00"
38584432, 5, "Štefan Sauter", "DEF", 39, 90, 0, 1, 13, 16, 0, 0, 0, 0, "2021-09-17 22:00"
38584432, 6, "Dan Thystrup", "DEF", 37, 90, 0, 0, 2, 3, 0, 0, 0, 0, "2021-09-17 22:00"
38584432, 7, "Ferdinando Ionata", "MID", 40, 46, 0, 0, 7, 7, 0, 0, 0, 0, "2021-09-17 22:00"
38584432, 7, "Artur Szymkiewicz", "MID", 50, -46, 2, 0, 6, 7, 0, 0, 0, 0, "2021-09-17 22:00"
38584432, 8, "Alim Bent", "ATT", 43, 46, 1, 0, 4, 4, 0, 0, 0, 0, "2021-09-17 22:00"
38584432, 8, "Sică Mergiu", "ATT", 42, -46, 0, 0, 9, 3, 0, 0, 0, 0, "2021-09-17 22:00"
38584432, 9, "Ilario Bartolozzi", "MID", 49, 90, 0, 0, 9, 6, 0, 0, 0, 0, "2021-09-17 22:00"
38584432, 10, "Günther Ketels", "MID", 49, 90, 0, 0, 15, 17, 0, 0, 0, 0, "2021-09-17 22:00"
38584432, 11, "Ksawery Maszudziński", "MID", 43, 90, 0, 1, 14, 14, 1, 0, 0, 0, "2021-09-17 22:00"

38584433, 1, "Krastan Apostolov", "GK", 56, 90, 0, 0, 10, 0, 0, 0, 0, 0, "2021-09-18 22:00"	 
38584433, 2, "Henrik Oros", "DEF", 37, 90, 0, 0, 7,	13, 0, 0, 0, 0, "2021-09-18 22:00"
38584433, 3, "Gustav Hamp", "DEF", 31, 90, 0, 0, 4, 6, 0, 0, 0, 0, "2021-09-18 22:00"
38584433, 4, "Hector Honceriu", "DEF", 31, 90, 0, 0, 7, 2, 0, 0, 0, 0, "2021-09-18 22:00"
38584433, 5, "Štefan Sauter", "DEF", 39, 90, 0, 1, 9, 15, 0, 0, 0, 0, "2021-09-18 22:00"
38584433, 6, "Dan Thystrup", "DEF", 37, 90, 0, 1, 4, 5, 0, 0, 0, 0, "2021-09-18 22:00"
38584433, 7, "Artur Szymkiewicz", "MID", 48, 90, 1, 0, 5, 4, 0, 0, 0, 0, "2021-09-18 22:00"
38584433, 8, "Kristián Hakel", "ATT", 41, 72, 2, 0, 10,	8, 0, 0, 0, 0, "2021-09-18 22:00"
38584433, 8, "Sică Mergiu", "ATT", 47, -72, 1, 0, 2, 3, 0, 0, 0, 0, "2021-09-18 22:00"
38584433, 9, "Günther Ketels", "MID", 50, 90, 0, 0, 10,	13, 0, 0, 0, 0, "2021-09-18 22:00"
38584433, 10, "Ilario Bartolozzi", "MID", 50, 90, 0, 0, 12, 10, 0, 0, 0, 0, "2021-09-18 22:00"
38584433, 11, "Cezar Adrian Bujor", "MID", 43, 56, 0, 0, 8, 11, 0, 0, 0, 0, "2021-09-18 22:00"
38584433, 11, "Ksawery Maszudziński", "MID", 47, -56, 0, 1, 9, 9, 0, 0, 0, 0, "2021-09-18 22:00"

38426366, 1, "Krastan Apostolov", "GK", 26, 90,	0, 0, 0, 0, 0, 0, 0, 0,	"2021-09-19 21:58" 	 	 	 
38426366, 2, "Henrik Oros", "DEF", 34, 90, 0, 0, 1, 0, 0, 0, 0, 0, "2021-09-19 21:58"
38426366, 3, "Hector Honceriu", "DEF", 32, 90, 0, 0, 1, 0, 0, 0, 0, 0, "2021-09-19 21:58"
38426366, 4, "Gustav Hamp", "DEF", 33, 90, 0, 0, 1,	3, 0, 0, 0, 0, "2021-09-19 21:58"
38426366, 5, "Nélio Narenti", "DEF", 39, 90, 0, 0, 4, 9, 0, 0, 0, 0, "2021-09-19 21:58"
38426366, 6, "Dan Thystrup", "DEF", 40, 90,	0, 0, 0, 0, 0, 0, 0, 0,	"2021-09-19 21:58"	 	 
38426366, 7, "Gligor-Bogdan Vînătoru", "MID", 38, 90, 3, 0, 19,	13, 0, 0, 1, 0, "2021-09-19 21:58"
38426366, 8, "Artur Szymkiewicz", "MID", 45, 90, 7, 0, 16, 13, 0, 0, 2, 0, "2021-09-19 21:58"
38426366, 9, "Sică Mergiu", "ATT", 39, 90, 22, 0, 21, 19, 0, 0, 1, 2, "2021-09-19 21:58"
38426366, 10, "Ilario Bartolozzi", "MID", 49, 90, 0, 0, 23, 26, 0, 0, 0, 1, "2021-09-19 21:58"
38426366, 11, "Günther Ketels", "MID", 51, 90,	0, 0, 14, 16, 0, 0, 0, 0, "2021-09-19 21:58"

38589074, 1, "Krastan Apostolov", "GK", 57,	90,	0, 0, 1, 0,	0, 0, 0, 0, "2021-09-22 23:30"
38589074, 2, "Henrik Oros", "DEF", 37, 90, 0, 0, 5,	6, 0, 0, 0, 0, "2021-09-22 23:30"
38589074, 3, "Hector Honceriu", "DEF", 34, 90, 0, 1, 3,	4, 0, 0, 0, 0, "2021-09-22 23:30"
38589074, 4, "Gustav Hamp", "DEF", 33, 90, 0, 0, 7,	3, 0, 0, 0, 0, "2021-09-22 23:30"
38589074, 5, "Nélio Narenti", "DEF", 35, 90, 0, 0, 13, 9, 0, 0, 0, 0, "2021-09-22 23:30"
38589074, 6, "Dan Thystrup", "DEF", 39, 90, 0, 0, 3, 7, 0, 0, 0, 0, "2021-09-22 23:30"
38589074, 7, "Gligor-Bogdan Vînătoru", "MID", 34, 90, 4, 1,	10, 22, 0, 0, 1, 0, "2021-09-22 23:30"
38589074, 8, "Artur Szymkiewicz", "MID", 47, 90, 2, 0, 13, 14, 0, 0, 1, 0, "2021-09-22 23:30"
38589074, 9, "Sică Mergiu", "ATT", 43, 90, 6, 0, 9,	6, 0, 0, 1, 0, "2021-09-22 23:30"
38589074, 10, "Ilario Bartolozzi", "MID", 48, 90, 0, 0, 20,	22, 0, 0, 0, 1, "2021-09-22 23:30"
38589074, 11, "Günther Ketels", "MID", 52, 90, 0, 0, 15, 6, 0, 0, 0, 0, "2021-09-22 23:30"

38426372, 1, "Krastan Apostolov", "GK", 57, 90, 0, 0, 1, 0,	0, 0, 0, 0, "2021-09-26 21:59"
38426372, 2, "Henrik Oros", "DEF", 35, 90, 0, 0, 4,	6, 0, 0, 0, 0, "2021-09-26 21:59"
38426372, 3, "Hector Honceriu", "DEF", 40, 90, 0, 0, 1,	6, 0, 0, 0, 0, "2021-09-26 21:59"
38426372, 4, "Gustav Hamp", "DEF", 34, 90, 0, 0, 4,	6, 0, 0, 0, 0, "2021-09-26 21:59"
38426372, 5, "Štefan Sauter", "DEF", 39, 90, 0, 1, 10, 7, 0, 0, 0, 0, "2021-09-26 21:59"
38426372, 6, "Dan Thystrup", "DEF", 38, 90, 0, 0, 2, 2, 0, 0, 0, 0, "2021-09-26 21:59"
38426372, 7, "Artur Szymkiewicz", "MID", 46, 90, 2, 0, 19, 10, 0, 0, 0, 2, "2021-09-26 21:59"
38426372, 8, "Gligor-Bogdan Vînătoru", "MID", 35, 90, 5, 0, 13,	24, 0, 0, 1, 0, "2021-09-26 21:59"
38426372, 9, "Sică Mergiu", "ATT", 44, 90, 10, 0, 12, 8, 0, 0, 2, 0, "2021-09-26 21:59"
38426372, 10, "Günther Ketels", "MID", 51, 90, 0, 0, 15, 10, 0, 0, 0, 0, "2021-09-26 21:59"
38426372, 11, "Ilario Bartolozzi", "MID", 48, 90, 0, 0, 17,	21, 0, 0, 0, 1, "2021-09-26 21:59"

38593761, 1, "Rody de Houston", "GK", 52, 90, 0, 0, 17, 0, 0, 0, 0, 0, "2021-09-29 22:00"
38593761, 2, "Joel Sopó", "DEF", 29, 90, 0, 0, 8, 11, 0, 0, 0, 0, "2021-09-29 22:00"
38593761, 3, "Mustapha Bonnet", "DEF", 18, 90, 0, 0, 9,	4, 0, 0, 0, 0, "2021-09-29 22:00"
38593761, 4, "Tazar Trbojević", "DEF", 35, 90, 0, 0, 2,	9, 0, 0, 0, 0, "2021-09-29 22:00"
38593761, 5, "Nélio Narenti", "DEF", 37, 90, 0, 1, 9, 32, 0, 0, 0, 0, "2021-09-29 22:00"
38593761, 6, "Cezar Adrian Bujor", "DEF", 32, 90, 0, 0, 1, 4, 0, 0, 0, 0, "2021-09-29 22:00"
38593761, 7, "Ferdinando Ionata", "MID", 40, 90, 0, 0, 14, 8, 0, 0, 0, 0, "2021-09-29 22:00"
38593761, 8, "Alim Bent", "ATT", 40, 90, 1, 0, 14, 7, 0, 0, 0, 0, "2021-09-29 22:00"
38593761, 9, "Kristián Hakel", "MID", 37, 90, 0, 1, 5, 6, 0, 0, 0, 0, "2021-09-29 22:00"
38593761, 10, "Günther Ketels", "MID", 52, 46, 0, 0, 4,	7, 0, 0, 0, 0, "2021-09-29 22:00"
38593761, 10, "Ilario Bartolozzi", "MID", 49, -46, 0, 0, 5, 5, 0, 0, 0, 0, "2021-09-29 22:00"
38593761, 11, "Ksawery Maszudziński", "MID", 44, 90, 0, 0, 11, 7, 0, 0, 0, 0, "2021-09-29 22:00"

38426373, 1, "Krastan Apostolov", "GK", 56,	90, 0, 0, 1, 0,	0, 0, 0, 0, "2021-10-03 21:58"
38426373, 2, "Henrik Oros", "DEF", 37, 90, 0, 0, 4,	12, 0, 0, 0, 0, "2021-10-03 21:58"
38426373, 3, "Hector Honceriu", "DEF", 37, 90, 0, 0, 3,	4, 0, 0, 0, 0, "2021-10-03 21:58"
38426373, 4, "Gustav Hamp", "DEF", 33, 90, 0, 0, 5,	3, 0, 0, 0, 0, "2021-10-03 21:58"
38426373, 5, "Štefan Sauter", "DEF", 39, 90, 0, 0, 5, 5, 0, 0, 0, 0, "2021-10-03 21:58"
38426373, 6, "Dan Thystrup", "DEF", 41,	90, 0, 0, 0, 2, 0, 0, 0, 0, "2021-10-03 21:58"
38426373, 7, "Artur Szymkiewicz", "MID", 46, 90, 2, 0, 19, 19, 0, 0, 1, 0, "2021-10-03 21:58"
38426373, 8, "Gligor-Bogdan Vînătoru", "MID", 42, 90, 2, 0, 18, 7, 0, 0, 1, 1, "2021-10-03 21:58"
38426373, 9, "Sică Mergiu", "ATT", 43, 90, 16, 1, 13, 11, 1, 0, 1, 0, "2021-10-03 21:58"
38426373, 10, "Günther Ketels", "MID", 51, 90, 0, 0, 20, 19, 0, 0, 0, 0, "2021-10-03 21:58"
38426373, 11, "Ksawery Maszudziński", "MID", 40, 90, 0, 0, 9, 17, 0, 0, 0, 1, "2021-10-03 21:58"

38598026, 1, "Rody de Houston", "GK", 53, 90, 0, 0, 5, 0, 0, 0, 0, 0, "2021-10-06 22:00"
38598026, 2, "Nélio Narenti", "DEF", 38, 90, 0, 1, 10, 9, 0, 0, 0, 0, "2021-10-06 22:00"
38598026, 3, "Mustapha Bonnet", "DEF", 24, 90, 0, 0, 2,	5, 0, 0, 0, 0, "2021-10-06 22:00"
38598026, 4, "Tazar Trbojević", "DEF", 31, 90, 0, 0, 2,	2, 0, 0, 0, 0, "2021-10-06 22:00"
38598026, 5, "Joel Sopó", "DEF", 28, 90, 0, 0, 5, 5, 0, 0, 0, 0, "2021-10-06 22:00"
38598026, 6, "Christophe Derungs", "DEF", 33, 90, 0, 0, 3, 5, 0, 0, 0, 0, "2021-10-06 22:00"
38598026, 7, "Ferdinando Ionata", "MID", 37, 90, 3, 0, 15, 15, 0, 0, 1, 1, "2021-10-06 22:00"
38598026, 8, "Alim Bent", "ATT", 42, 90, 8, 0, 18, 13, 0, 0, 2, 0, "2021-10-06 22:00"
38598026, 9, "Kristián Hakel", "MID", 36, 90, 0, 0, 11, 11, 0, 0, 0, 0, "2021-10-06 22:00"
38598026, 10, "Ksawery Maszudziński", "MID", 42, 46, 0, 0, 3, 6, 0, 0, 0, 0, "2021-10-06 22:00"
38598026, 10, "Cezar Adrian Bujor", "MID", 46, -46,	0, 1, 7, 10, 0, 0, 0, 0, "2021-10-06 22:00"
38598026, 11, "Günther Ketels", "MID", 49, 90, 0, 0, 17, 18, 0, 0, 0, 0, "2021-10-06 22:00"

38601463, 1, "Krastan Apostolov", "GK", 54,	90, 0, 0, 4, 0,	0, 0, 0, 0, "2021-10-08 22:00"
38601463, 2, "Henrik Oros", "DEF", 36, 90, 0, 0, 7,	11, 0, 0, 0, 0, "2021-10-08 22:00"
38601463, 3, "Hector Honceriu", "DEF", 33, 90, 0, 0, 3,	6, 0, 0, 0, 0, "2021-10-08 22:00"
38601463, 4, "Gustav Hamp", "DEF", 32, 90, 0, 0, 3,	5, 0, 0, 0, 0, "2021-10-08 22:00"
38601463, 5, "Štefan Sauter", "DEF", 40, 90, 0, 0, 6, 10, 0, 0, 0, 0, "2021-10-08 22:00"
38601463, 6, "Dan Thystrup", "MID", 42, 90,	0, 0, 4, 11, 0, 0, 0, 0, "2021-10-08 22:00"
38601463, 7, "Artur Szymkiewicz", "ATT", 52, 90, 4, 0, 12, 2, 0, 0, 0, 0, "2021-10-08 22:00"
38601463, 8, "Kristián Hakel", "ATT", 41, 46, 0, 0, 7, 3, 0, 0, 0, 0, "2021-10-08 22:00"
38601463, 8, "Ferdinando Ionata", "ATT", 45, -46, 0, 0, 11,	1, 0, 0, 0, 0, "2021-10-08 22:00"
38601463, 9, "Alim Bent", "ATT", 45, 90, 5, 1, 6, 9, 1, 0, 2, 0, "2021-10-08 22:00"
38601463, 10, "Ksawery Maszudziński", "MID", 44, 90, 0, 0, 18, 20, 0, 0, 0, 0, "2021-10-08 22:00"
38601463, 11, "Günther Ketels", "MID", 50, 90, 0, 1, 16, 21, 0, 0, 0, 1, "2021-10-08 22:00"

38601462, 1, "Rody de Houston", "GK", 53, 90, 0, 0, 5, 0, 0, 0, 0, 0, "2021-10-09 22:01"
38601462, 2, "Henrik Oros", "DEF", 35, 90, 0, 0, 5,	10, 0, 0, 0, 0, "2021-10-09 22:01"
38601462, 3, "Hector Honceriu", "DEF", 34, 90, 0, 0, 8,	10, 0, 0, 0, 0, "2021-10-09 22:01"
38601462, 4, "Gustav Hamp", "DEF", 32, 90, 0, 0, 6,	5, 0, 0, 0, 0, "2021-10-09 22:01"
38601462, 5, "Štefan Sauter", "DEF", 41, 90, 0, 0, 3, 5, 0, 0, 0, 0, "2021-10-09 22:01"
38601462, 6, "Dan Thystrup", "MID", 43,	90, 0,	1, 8, 15, 1, 0, 0, 0, "2021-10-09 22:01"
38601462, 7, "Artur Szymkiewicz", "ATT", 52, 90, 5, 0, 10, 2, 0, 0, 1, 0, "2021-10-09 22:01"
38601462, 8, "Gligor-Bogdan Vînătoru", "ATT", 44, 90, 0, 1, 14,	3, 0, 0, 0, 0, "2021-10-09 22:01"
38601462, 9, "Alim Bent", "ATT", 43, 90, 5, 0, 9, 13, 0, 0, 0, 0, "2021-10-09 22:01"
38601462, 10, "Ksawery Maszudziński", "MID", 45, 90, 0, 0, 9, 7, 0, 0, 0, 0, "2021-10-09 22:01"
38601462, 11, "Günther Ketels", "MID", 51, 90, 0, 1, 20, 28, 0, 0, 0, 0, "2021-10-09 22:01"

38426367, 1, "Rody de Houston", "GK", 55, 90, 0, 0, 1, 0, 0, 0, 0, 0, "2021-10-10 21:59"
38426367, 2, "Henrik Oros", "DEF", 41, 90, 0, 0, 3,	7, 0, 0, 0, 0, "2021-10-10 21:59"
38426367, 3, "Hector Honceriu", "DEF", 30, 90, 0, 0, 2, 0, 0, 0, 0, 0, "2021-10-10 21:59"
38426367, 4, "Gustav Hamp", "DEF", 32, 90, 0, 0, 1,	2, 0, 0, 0, 0, "2021-10-10 21:59"
38426367, 5, "Nélio Narenti", "DEF", 40, 90, 0, 0, 4, 8, 0, 0, 0, 0, "2021-10-10 21:59"
38426367, 6, "Dan Thystrup", "DEF", 37,	90, 0, 0, 1, 2, 0, 0, 0, 0, "2021-10-10 21:59"
38426367, 7, "Gligor-Bogdan Vînătoru", "MID", 39, 90, 5, 1,	16, 13, 0, 0, 2, 1, "2021-10-10 21:59"
38426367, 8, "Artur Szymkiewicz", "MID", 47, 90, 7, 0, 18, 5, 0, 0, 1, 1, "2021-10-10 21:59"
38426367, 9, "Alim Bent", "ATT", 42, 90, 17, 1,	19,	16, 0, 0, 2, 0, "2021-10-10 21:59"
38426367, 10, "Ksawery Maszudziński", "MID", 44, 90, 0, 1, 18, 25, 0, 0, 0, 1, "2021-10-10 21:59"
38426367, 11, "Günther Ketels", "MID", 53, 90, 0, 0, 16, 21, 0, 0, 0, 1, "2021-10-10 21:59"

38602491, 1, "Rody de Houston", "GK", 54, 90, 0, 0, 2, 0, 0, 0, 0, 0, "2021-10-14 01:30"	 
38602491, 2, "Henrik Oros", "DEF", 36, 90, 0, 1, 9, 7, 0, 0, 0, 0, "2021-10-14 01:30"
38602491, 3, "Hector Honceriu", "DEF", 34, 90, 0, 1, 8,	4, 1, 0, 0, 0, "2021-10-14 01:30"
38602491, 4, "Gustav Hamp", "DEF", 31, 90, 0, 0, 7,	3, 0, 0, 0, 0, "2021-10-14 01:30"
38602491, 5, "Nélio Narenti", "DEF", 37, 90, 0, 0, 8, 7, 0, 0, 0, 0, "2021-10-14 01:30"
38602491, 6, "Dan Thystrup", "DEF", 40,	90, 0, 0, 4, 8, 0, 0, 0, 0, "2021-10-14 01:30"
38602491, 7, "Gligor-Bogdan Vînătoru", "MID", 42, 90, 0, 1,	10, 4, 1, 0, 0, 0, "2021-10-14 01:30"
38602491, 8, "Artur Szymkiewicz", "MID", 48, 90, 1,	1, 14, 8, 0, 0, 0, 0, "2021-10-14 01:30"
38602491, 9, "Alim Bent", "ATT", 46, 90, 8, 0, 9, 13, 0, 0, 2, 0, "2021-10-14 01:30"
38602491, 10, "Ksawery Maszudziński", "MID", 41, 90, 0, 1, 13, 28, 0, 0, 0, 0, "2021-10-14 01:30"
38602491, 11, "Günther Ketels", "MID", 53, 90, 0, 0, 15, 18, 0, 0, 0, 0, "2021-10-14 01:30"

38426361, 1, "Rody de Houston", "GK", 56, 90, 0, 0,	0, 0, 0, 0, 0, 0, "2021-10-17 22:00" 	 	 
38426361, 2, "Štefan Sauter", "DEF", 38, 90, 0, 0, 3, 1, 0, 0, 0, 0, "2021-10-17 22:00"
38426361, 3, "Hector Honceriu", "DEF", 39, 90, 0, 0, 2,	7, 0, 0, 0, 0, "2021-10-17 22:00"
38426361, 4, "Gustav Hamp", "DEF", 30, 90, 0, 0, 0,	2, 0, 0, 0, 0, "2021-10-17 22:00"
38426361, 5, "Nélio Narenti", "DEF", 36, 90, 0, 0, 2, 0, 0, 0, 0, 0, "2021-10-17 22:00"	 
38426361, 6, "Dan Thystrup", "DEF", 44,	90, 0, 0, 2, 2, 0, 0, 0, 0, "2021-10-17 22:00"
38426361, 7, "Artur Szymkiewicz", "MID", 46, 90, 11, 1,	17, 20, 0, 0, 4, 2, "2021-10-17 22:00"
38426361, 8, "Sică Mergiu", "ATT", 38, 90, 14, 0, 22, 24, 0, 0, 5, 1, "2021-10-17 22:00"
38426361, 9, "Kristián Hakel", "MID", 35, 90, 0, 0, 14, 10, 0, 0, 0, 2, "2021-10-17 22:00"
38426361, 10, "Cezar Adrian Bujor", "MID", 48, 90, 1, 0, 18, 16, 0, 0, 0, 0, "2021-10-17 22:00"
38426361, 11, "Günther Ketels", "MID", 53, 90, 0, 0, 17, 17, 0, 0, 0, 0, "2021-10-17 22:00"

38607088, 1, "Rody de Houston", "GK", 55, 90, 0, 0, 3, 0, 0, 0, 0, 0, "2021-10-20 11:30"
38607088, 2, "Joel Sopó", "DEF", 32, 90, 0, 0, 6, 6, 0, 0, 0, 0, "2021-10-20 11:30"
38607088, 3, "Mustapha Bonnet", "DEF", 21, 90, 0, 0, 3, 2, 0, 0, 0, 0, "2021-10-20 11:30"
38607088, 4, "Tazar Trbojević", "DEF", 27, 90, 0, 0, 6, 4, 0, 0, 0, 0, "2021-10-20 11:30"
38607088, 5, "Nélio Narenti", "DEF", 37, 90, 0, 0, 6, 8, 0, 0, 0, 0, "2021-10-20 11:30"
38607088, 6, "Christophe Derungs", "DEF", 32, 90, 0, 0, 3, 2, 0, 0, 0, 0, "2021-10-20 11:30"
38607088, 7, "Ferdinando Ionata", "MID", 38, 90, 5,	1, 15, 19, 1, 0, 1, 0, "2021-10-20 11:30"
38607088, 8, "Alim Bent", "ATT", 40, 90, 6,	1, 12, 13, 0, 0, 1, 0, "2021-10-20 11:30"
38607088, 9, "Kristián Hakel", "MID", 36, 90, 0, 0, 11, 14, 0, 0, 0, 0, "2021-10-20 11:30"
38607088, 10, "Cezar Adrian Bujor", "MID", 46, 90, 0, 0, 18, 18, 0, 0, 0, 0, "2021-10-20 11:30"
38607088, 11, "Günther Ketels", "MID", 54, 46, 0, 0, 8,	11, 0, 0, 0, 0, "2021-10-20 11:30"
38607088, 11, "Ksawery Maszudziński", "MID", 46, -46, 0, 0, 8, 3, 0, 0, 0, 1, "2021-10-20 11:30"

38426355, 1, "Rody de Houston", "GK", 25, 90, 0, 0,	0, 0, 0, 0, 0, 0, "2021-10-24 22:00"	 	 	 
38426355, 2, "Nélio Narenti", "DEF", 36, 90, 0, 0, 5, 0, 0, 0, 0, 0, "2021-10-24 22:00"
38426355, 3, "Hector Honceriu", "DEF", 31, 90, 0, 0, 1, 0, 0, 0, 0, 0, "2021-10-24 22:00"
38426355, 4, "Gustav Hamp", "DEF", 24, 90, 0, 0, 0, 0, 0, 0, 0, 0, "2021-10-24 22:00"	 	 
38426355, 5, "Henrik Oros", "DEF", 34, 45, 0, 0, 2,	2, 0, 0, 0, 0, "2021-10-24 22:00"
38426355, 5, "Štefan Sauter", "DEF", 40, -45, 0, 0, 2, 0, 0, 0, 0, 0, "2021-10-24 22:00"
38426355, 6, "Dan Thystrup", "DEF", 43,	90, 0, 0, 1, 0, 0, 0, 0, "2021-10-24 22:00"
38426355, 7, "Gligor-Bogdan Vînătoru", "MID", 35, 90, 6, 0, 17,	24, 0, 0, 1, 0, "2021-10-24 22:00"
38426355, 8, "Artur Szymkiewicz", "MID", 48, 90, 5, 0, 18, 8, 0, 0, 1, 1, "2021-10-24 22:00"
38426355, 9, "Sică Mergiu", "ATT", 46, 18, 4, 0, 4,	7, 0, 0, 0, 1, "2021-10-24 22:00"
38426355, 9, "Alim Bent", "ATT", 40, -18, 19, 0, 14, 22, 0, 0, 4, 0, "2021-10-24 22:00"
38426355, 10, "Cezar Adrian Bujor", "MID", 48, 90, 0, 0, 15, 15, 0, 0, 0, 0, "2021-10-24 22:00"
38426355, 11, "Günther Ketels", "MID", 52, 90, 0, 0, 19, 21, 0, 0, 0, 1, "2021-10-24 22:00"




